statement,topic,n,condition,n_true,n_false,compound_label,conjuncts,labels
The octopus is a mollusk and the camel is a mammal and the skunk is a insect and the kangaroo is a mammal and the wolverine is a mammal and the tapir is a mammal.,animal_class,6,dilute_1false,5,1,0,"[""The octopus is a mollusk."", ""The camel is a mammal."", ""The skunk is a insect."", ""The kangaroo is a mammal."", ""The wolverine is a mammal."", ""The tapir is a mammal.""]","[1, 1, 0, 1, 1, 1]"
The hummingbird is a crustacean and the tiger is a amphibian and the beaver is a bird.,animal_class,3,all_false,0,3,0,"[""The hummingbird is a crustacean."", ""The tiger is a amphibian."", ""The beaver is a bird.""]","[0, 0, 0]"
The giraffe is a cnidarian and the vulture is a mollusk.,animal_class,2,all_false,0,2,0,"[""The giraffe is a cnidarian."", ""The vulture is a mollusk.""]","[0, 0]"
The skunk is a insect and the tarantula is a bird and the horse is a fish and the crocodile is a bird.,animal_class,4,all_false,0,4,0,"[""The skunk is a insect."", ""The tarantula is a bird."", ""The horse is a fish."", ""The crocodile is a bird.""]","[0, 0, 0, 0]"
The iguana is a reptile and the dog is a mammal and the eagle is a bird and the tuna is a fish.,animal_class,4,all_true,4,0,1,"[""The iguana is a reptile."", ""The dog is a mammal."", ""The eagle is a bird."", ""The tuna is a fish.""]","[1, 1, 1, 1]"
The cheetah is a arachnid and the dolphin is a crustacean and the rabbit is a bird.,animal_class,3,all_false,0,3,0,"[""The cheetah is a arachnid."", ""The dolphin is a crustacean."", ""The rabbit is a bird.""]","[0, 0, 0]"
The city of Yingkou is in Myanmar and the city of Managua is in Thailand and the city of Kanpur is in Mozambique.,cities,3,all_false,0,3,0,"[""The city of Yingkou is in Myanmar."", ""The city of Managua is in Thailand."", ""The city of Kanpur is in Mozambique.""]","[0, 0, 0]"
The city of Haiphong is in Vietnam and the city of Rawalpindi is in Pakistan and the city of Ar Raqqah is in Bangladesh and the city of Shizuoka is in Japan.,cities,4,dilute_1false,3,1,0,"[""The city of Haiphong is in Vietnam."", ""The city of Rawalpindi is in Pakistan."", ""The city of Ar Raqqah is in Bangladesh."", ""The city of Shizuoka is in Japan.""]","[1, 1, 0, 1]"
The city of Macapa is in Brazil and the city of Tolyatti is in Russia and the city of Santo Domingo Este is in Colombia.,cities,3,dilute_1false,2,1,0,"[""The city of Macapa is in Brazil."", ""The city of Tolyatti is in Russia."", ""The city of Santo Domingo Este is in Colombia.""]","[1, 1, 0]"
The city of Taicang is in Moldova and the city of Abobo is in Ghana and the city of Al Fayyum is in Somalia.,cities,3,all_false,0,3,0,"[""The city of Taicang is in Moldova."", ""The city of Abobo is in Ghana."", ""The city of Al Fayyum is in Somalia.""]","[0, 0, 0]"
The city of Basrah is in India and the city of Bagcilar is in Jamaica and the city of Heze is in Burkina Faso and the city of Kanpur is in Mozambique.,cities,4,all_false,0,4,0,"[""The city of Basrah is in India."", ""The city of Bagcilar is in Jamaica."", ""The city of Heze is in Burkina Faso."", ""The city of Kanpur is in Mozambique.""]","[0, 0, 0, 0]"
The city of Sanmenxia is in the Republic of the Congo and the city of Torreon is in Jamaica and the city of Tokyo is in Mauritania and the city of Brasilia is in Hungary.,cities,4,all_false,0,4,0,"[""The city of Sanmenxia is in the Republic of the Congo."", ""The city of Torreon is in Jamaica."", ""The city of Tokyo is in Mauritania."", ""The city of Brasilia is in Hungary.""]","[0, 0, 0, 0]"
Selenium has the symbol Po and Neon has the symbol B and Silver has the symbol Fe and Bismuth has the symbol Tl.,element_symb,4,all_false,0,4,0,"[""Selenium has the symbol Po."", ""Neon has the symbol B."", ""Silver has the symbol Fe."", ""Bismuth has the symbol Tl.""]","[0, 0, 0, 0]"
Vanadium has the symbol Ta and Silicon has the symbol Tm and Radium has the symbol Pr and Nickel has the symbol Os.,element_symb,4,all_false,0,4,0,"[""Vanadium has the symbol Ta."", ""Silicon has the symbol Tm."", ""Radium has the symbol Pr."", ""Nickel has the symbol Os.""]","[0, 0, 0, 0]"
Actinium has the symbol Ac and Magnesium has the symbol Mg and Osmium has the symbol P and Astatine has the symbol At.,element_symb,4,dilute_1false,3,1,0,"[""Actinium has the symbol Ac."", ""Magnesium has the symbol Mg."", ""Osmium has the symbol P."", ""Astatine has the symbol At.""]","[1, 1, 0, 1]"
Europium has the symbol Eu and Krypton has the symbol Kr and Thorium has the symbol Th and Selenium has the symbol Se.,element_symb,4,all_true,4,0,1,"[""Europium has the symbol Eu."", ""Krypton has the symbol Kr."", ""Thorium has the symbol Th."", ""Selenium has the symbol Se.""]","[1, 1, 1, 1]"
Scandium has the symbol Sc and Yttrium has the symbol Y and Terbium has the symbol Tb.,element_symb,3,all_true,3,0,1,"[""Scandium has the symbol Sc."", ""Yttrium has the symbol Y."", ""Terbium has the symbol Tb.""]","[1, 1, 1]"
Lutetium has the symbol V and Calcium has the symbol B and Selenium has the symbol Po and Phosphorus has the symbol Se.,element_symb,4,all_false,0,4,0,"[""Lutetium has the symbol V."", ""Calcium has the symbol B."", ""Selenium has the symbol Po."", ""Phosphorus has the symbol Se.""]","[0, 0, 0, 0]"
Charles Townes lived in the U.S and Philipp Reis lived in Germany and Ada Lovelace lived in the U.K and Marvin Camras lived in the U.S and Charles Babbage lived in the U.K and Hans von Ohain lived in Germany.,inventors,6,all_true,6,0,1,"[""Charles Townes lived in the U.S."", ""Philipp Reis lived in Germany."", ""Ada Lovelace lived in the U.K."", ""Marvin Camras lived in the U.S."", ""Charles Babbage lived in the U.K."", ""Hans von Ohain lived in Germany.""]","[1, 1, 1, 1, 1, 1]"
Nils Bohlin lived in the U.S and Gottlieb Daimler lived in Italy.,inventors,2,all_false,0,2,0,"[""Nils Bohlin lived in the U.S."", ""Gottlieb Daimler lived in Italy.""]","[0, 0]"
Frederick Walton lived in the U.K and Ignazio Porro lived in Italy and Henry Bessemer lived in the U.K and Walter Hunt lived in the U.S.,inventors,4,all_true,4,0,1,"[""Frederick Walton lived in the U.K."", ""Ignazio Porro lived in Italy."", ""Henry Bessemer lived in the U.K."", ""Walter Hunt lived in the U.S.""]","[1, 1, 1, 1]"
Leonardo da Vinci lived in Sweden/the U.S and Alexander Graham Bell lived in Turkey/the U.S.,inventors,2,all_false,0,2,0,"[""Leonardo da Vinci lived in Sweden/the U.S."", ""Alexander Graham Bell lived in Turkey/the U.S.""]","[0, 0]"
Karl Benz lived in Germany and Archimedes lived in Ancient Greece and Luther Simjian lived in Turkey/the U.S and Frederick Walton lived in Croatia.,inventors,4,dilute_1false,3,1,0,"[""Karl Benz lived in Germany."", ""Archimedes lived in Ancient Greece."", ""Luther Simjian lived in Turkey/the U.S."", ""Frederick Walton lived in Croatia.""]","[1, 1, 1, 0]"
Antoine Lavoisier lived in Ukraine/the U.S and Frederick G. Creed lived in the U.S and Nikolai Basov lived in Norway and Alfred Nobel lived in Canada/the U.S and Joseph Bramah lived in Croatia and Ada Lovelace lived in Hungary/the U.S.,inventors,6,all_false,0,6,0,"[""Antoine Lavoisier lived in Ukraine/the U.S."", ""Frederick G. Creed lived in the U.S."", ""Nikolai Basov lived in Norway."", ""Alfred Nobel lived in Canada/the U.S."", ""Joseph Bramah lived in Croatia."", ""Ada Lovelace lived in Hungary/the U.S.""]","[0, 0, 0, 0, 0, 0]"
The Spanish word 'tener' means 'skin' and the Spanish word 'belleza' means 'beauty' and the Spanish word 'jugar' means 'to play' and the Spanish word 'demasiado' means 'too'.,sp_en_trans,4,dilute_1false,3,1,0,"[""The Spanish word 'tener' means 'skin'."", ""The Spanish word 'belleza' means 'beauty'."", ""The Spanish word 'jugar' means 'to play'."", ""The Spanish word 'demasiado' means 'too'.""]","[0, 1, 1, 1]"
The Spanish word 'olor' means 'fear' and the Spanish word 'coche' means 'month' and the Spanish word 'concha' means 'giraffe' and the Spanish word 'comer' means 'clock' and the Spanish word 'negro' means 'all' and the Spanish word 'potencia' means 'shell'.,sp_en_trans,6,all_false,0,6,0,"[""The Spanish word 'olor' means 'fear'."", ""The Spanish word 'coche' means 'month'."", ""The Spanish word 'concha' means 'giraffe'."", ""The Spanish word 'comer' means 'clock'."", ""The Spanish word 'negro' means 'all'."", ""The Spanish word 'potencia' means 'shell'.""]","[0, 0, 0, 0, 0, 0]"
The Spanish word 'ocupado' means 'to draw' and the Spanish word 'mercado' means 'old' and the Spanish word 'morir' means 'problem' and the Spanish word 'caballo' means 'red'.,sp_en_trans,4,all_false,0,4,0,"[""The Spanish word 'ocupado' means 'to draw'."", ""The Spanish word 'mercado' means 'old'."", ""The Spanish word 'morir' means 'problem'."", ""The Spanish word 'caballo' means 'red'.""]","[0, 0, 0, 0]"
The Spanish word 'hablar' means 'to speak' and the Spanish word 'suelo' means 'ground'.,sp_en_trans,2,all_true,2,0,1,"[""The Spanish word 'hablar' means 'to speak'."", ""The Spanish word 'suelo' means 'ground'.""]","[1, 1]"
The Spanish word 'potencia' means 'power' and the Spanish word 'caer' means 'to fall' and the Spanish word 'rana' means 'frog' and the Spanish word 'caminar' means 'to walk'.,sp_en_trans,4,all_true,4,0,1,"[""The Spanish word 'potencia' means 'power'."", ""The Spanish word 'caer' means 'to fall'."", ""The Spanish word 'rana' means 'frog'."", ""The Spanish word 'caminar' means 'to walk'.""]","[1, 1, 1, 1]"
The Spanish word 'mes' means 'month' and the Spanish word 'jugar' means 'to play' and the Spanish word 'vender' means 'to sell'.,sp_en_trans,3,all_true,3,0,1,"[""The Spanish word 'mes' means 'month'."", ""The Spanish word 'jugar' means 'to play'."", ""The Spanish word 'vender' means 'to sell'.""]","[1, 1, 1]"
