statement,label
The city of Krasnodar is not in Russia.,0
The city of Krasnodar is not in South Africa.,1
The city of Lodz is not in Poland.,0
The city of Lodz is not in the Dominican Republic.,1
The city of Maracay is not in Venezuela.,0
The city of Maracay is not in China.,1
The city of Baku is not in Azerbaijan.,0
The city of Baku is not in Ukraine.,1
The city of Baoji is not in China.,0
The city of Baoji is not in Guatemala.,1
The city of Addis Ababa is not in Ethiopia.,0
The city of Addis Ababa is not in Indonesia.,1
The city of Abidjan is not in Côte d'Ivoire.,0
The city of Abidjan is not in China.,1
The city of Yongzhou is not in China.,0
The city of Yongzhou is not in Ukraine.,1
The city of Nanchong is not in China.,0
The city of Nanchong is not in Nigeria.,1
The city of Lu'an is not in China.,0
The city of Lu'an is not in Turkey.,1
The city of Jiaxing is not in China.,0
The city of Jiaxing is not in Ukraine.,1
The city of Huaihua is not in China.,0
The city of Huaihua is not in South Africa.,1
The city of Anqing is not in China.,0
The city of Anqing is not in Brazil.,1
The city of Yingkou is not in China.,0
The city of Yingkou is not in the Philippines.,1
The city of Panshan is not in China.,0
The city of Panshan is not in Japan.,1
The city of Guatemala City is not in Guatemala.,0
The city of Guatemala City is not in Croatia.,1
The city of Bauchi is not in Nigeria.,0
The city of Bauchi is not in Iran.,1
The city of Tokyo is not in Japan.,0
The city of Tokyo is not in Pakistan.,1
The city of Mombasa is not in Kenya.,0
The city of Mombasa is not in India.,1
The city of Ulsan is not in South Korea.,0
The city of Ulsan is not in South Africa.,1
The city of Warangal is not in India.,0
The city of Warangal is not in Yemen.,1
The city of Tiruchirappalli is not in India.,0
The city of Tiruchirappalli is not in Iraq.,1
The city of Nowrangapur is not in India.,0
The city of Nowrangapur is not in Vietnam.,1
The city of Sambhaji Nagar is not in India.,0
The city of Sambhaji Nagar is not in China.,1
The city of Ajmer is not in India.,0
The city of Ajmer is not in Russia.,1
The city of Rohini is not in India.,0
The city of Rohini is not in Russia.,1
The city of Serang is not in Indonesia.,0
The city of Serang is not in Poland.,1
The city of Niigata is not in Japan.,0
The city of Niigata is not in Yemen.,1
The city of Marrakesh is not in Morocco.,0
The city of Marrakesh is not in Malaysia.,1
The city of Makati City is not in the Philippines.,0
The city of Makati City is not in India.,1
The city of Tirunelveli is not in India.,0
The city of Tirunelveli is not in China.,1
The city of Thane is not in India.,0
The city of Thane is not in China.,1
The city of Solapur is not in India.,0
The city of Solapur is not in the United States.,1
The city of Najafgarh is not in India.,0
The city of Najafgarh is not in Brazil.,1
The city of Borivli is not in India.,0
The city of Borivli is not in Ukraine.,1
The city of Zhabei is not in China.,0
The city of Zhabei is not in Afghanistan.,1
The city of Liaocheng is not in China.,0
The city of Liaocheng is not in South Korea.,1
The city of Jiaozhou is not in China.,0
The city of Jiaozhou is not in Latvia.,1
The city of Guilin is not in China.,0
The city of Guilin is not in the Dominican Republic.,1
The city of Chaozhou is not in China.,0
The city of Chaozhou is not in South Korea.,1
The city of Panzhihua is not in China.,0
The city of Panzhihua is not in Iran.,1
The city of Bucaramanga is not in Colombia.,0
The city of Bucaramanga is not in Brazil.,1
The city of Niamey is not in Niger.,0
The city of Niamey is not in China.,1
The city of Sokoto is not in Nigeria.,0
The city of Sokoto is not in South Korea.,1
The city of Abuja is not in Nigeria.,0
The city of Abuja is not in China.,1
The city of South Tangerang is not in Indonesia.,0
The city of South Tangerang is not in India.,1
The city of Odesa is not in Ukraine.,0
The city of Odesa is not in China.,1
The city of Fort Worth is not in the United States.,0
The city of Fort Worth is not in Russia.,1
The city of Boumerdes is not in Algeria.,0
The city of Boumerdes is not in Iran.,1
The city of Asmara is not in Eritrea.,0
The city of Asmara is not in Indonesia.,1
The city of Santiago de Queretaro is not in Mexico.,0
The city of Santiago de Queretaro is not in Ecuador.,1
The city of Perm is not in Russia.,0
The city of Perm is not in China.,1
The city of Jeddah is not in Saudi Arabia.,0
The city of Jeddah is not in Myanmar.,1
The city of Konya is not in Turkey.,0
The city of Konya is not in Russia.,1
The city of Macapa is not in Brazil.,0
The city of Macapa is not in China.,1
The city of Belo Horizonte is not in Brazil.,0
The city of Belo Horizonte is not in North Korea.,1
The city of Poznan is not in Poland.,0
The city of Poznan is not in Mexico.,1
The city of Linyi is not in China.,0
The city of Linyi is not in Iraq.,1
The city of Hohhot is not in China.,0
The city of Hohhot is not in Indonesia.,1
The city of Malacca is not in Malaysia.,0
The city of Malacca is not in China.,1
The city of Busan is not in South Korea.,0
The city of Busan is not in Brazil.,1
The city of Seongnam-si is not in South Korea.,0
The city of Seongnam-si is not in Russia.,1
The city of Matsuyama is not in Japan.,0
The city of Matsuyama is not in Burkina Faso.,1
The city of Suwon is not in South Korea.,0
The city of Suwon is not in Russia.,1
The city of Incheon is not in South Korea.,0
The city of Incheon is not in India.,1
The city of Hwaseong-si is not in South Korea.,0
The city of Hwaseong-si is not in Brazil.,1
The city of Changwon is not in South Korea.,0
The city of Changwon is not in Indonesia.,1
The city of Bamako is not in Mali.,0
The city of Bamako is not in India.,1
The city of Acapulco de Juarez is not in Mexico.,0
The city of Acapulco de Juarez is not in Morocco.,1
The city of Mosul is not in Iraq.,0
The city of Mosul is not in China.,1
The city of Basrah is not in Iraq.,0
The city of Basrah is not in China.,1
The city of Qom is not in Iran.,0
The city of Qom is not in Vietnam.,1
The city of Torreon is not in Mexico.,0
The city of Torreon is not in India.,1
The city of Beira is not in Mozambique.,0
The city of Beira is not in India.,1
The city of Naucalpan de Juarez is not in Mexico.,0
The city of Naucalpan de Juarez is not in Honduras.,1
The city of Dehra Dun is not in India.,0
The city of Dehra Dun is not in China.,1
The city of Bhubaneswar is not in India.,0
The city of Bhubaneswar is not in China.,1
The city of Ahvaz is not in Iran.,0
The city of Ahvaz is not in China.,1
The city of Kumasi is not in Ghana.,0
The city of Kumasi is not in India.,1
The city of Palembang is not in Indonesia.,0
The city of Palembang is not in Brazil.,1
The city of Novokuznetsk is not in Russia.,0
The city of Novokuznetsk is not in China.,1
The city of Izmir is not in Turkey.,0
The city of Izmir is not in Iran.,1
The city of Lahore is not in Pakistan.,0
The city of Lahore is not in China.,1
The city of Zhenjiang is not in China.,0
The city of Zhenjiang is not in Germany.,1
The city of Zhaotong is not in China.,0
The city of Zhaotong is not in Iraq.,1
The city of Weifang is not in China.,0
The city of Weifang is not in Indonesia.,1
The city of Tianjin is not in China.,0
The city of Tianjin is not in Bangladesh.,1
The city of Shaoxing is not in China.,0
The city of Shaoxing is not in the Philippines.,1
The city of Hangzhou is not in China.,0
The city of Hangzhou is not in Russia.,1
The city of Mudanjiang is not in China.,0
The city of Mudanjiang is not in Turkey.,1
The city of Anshan is not in China.,0
The city of Anshan is not in Cameroon.,1
The city of Porto Velho is not in Brazil.,0
The city of Porto Velho is not in Algeria.,1
The city of N'Djamena is not in Chad.,0
The city of N'Djamena is not in China.,1
The city of Kayseri is not in Turkey.,0
The city of Kayseri is not in Iraq.,1
The city of Marseille is not in France.,0
The city of Marseille is not in Russia.,1
The city of Lyon is not in France.,0
The city of Lyon is not in Canada.,1
The city of Suez is not in Egypt.,0
The city of Suez is not in Brazil.,1
The city of Giza is not in Egypt.,0
The city of Giza is not in India.,1
The city of Naberezhnyye Chelny is not in Russia.,0
The city of Naberezhnyye Chelny is not in Brazil.,1
The city of Mukalla is not in Yemen.,0
The city of Mukalla is not in Iran.,1
The city of Harare is not in Zimbabwe.,0
The city of Harare is not in Turkey.,1
The city of Sevastopol is not in Ukraine.,0
The city of Sevastopol is not in Pakistan.,1
The city of Lipetsk is not in Russia.,0
The city of Lipetsk is not in China.,1
The city of Istanbul is not in Turkey.,0
The city of Istanbul is not in Ghana.,1
The city of Callao is not in Peru.,0
The city of Callao is not in Myanmar.,1
The city of Cebu City is not in the Philippines.,0
The city of Cebu City is not in China.,1
The city of Tashkent is not in Uzbekistan.,0
The city of Tashkent is not in Mexico.,1
The city of Maturin is not in Venezuela.,0
The city of Maturin is not in Saudi Arabia.,1
The city of Hanoi is not in Vietnam.,0
The city of Hanoi is not in Poland.,1
The city of Xuzhou is not in China.,0
The city of Xuzhou is not in Mexico.,1
The city of Cucuta is not in Colombia.,0
The city of Cucuta is not in India.,1
The city of Santo Domingo Oeste is not in the Dominican Republic.,0
The city of Santo Domingo Oeste is not in Zambia.,1
The city of Tangshan is not in China.,0
The city of Tangshan is not in India.,1
The city of Neijiang is not in China.,0
The city of Neijiang is not in Ghana.,1
The city of Linfen is not in China.,0
The city of Linfen is not in India.,1
The city of Yiwu is not in China.,0
The city of Yiwu is not in India.,1
The city of Qiqihar is not in China.,0
The city of Qiqihar is not in India.,1
The city of Baotou is not in China.,0
The city of Baotou is not in Japan.,1
The city of Aparecida de Goiania is not in Brazil.,0
The city of Aparecida de Goiania is not in China.,1
The city of Kinshasa is not in the Democratic Republic of the Congo.,0
The city of Kinshasa is not in Brazil.,1
The city of Ciudad Nezahualcoyotl is not in Mexico.,0
The city of Ciudad Nezahualcoyotl is not in Senegal.,1
The city of Mexicali is not in Mexico.,0
The city of Mexicali is not in South Africa.,1
The city of Ciudad Juarez is not in Mexico.,0
The city of Ciudad Juarez is not in India.,1
The city of Kampung Baru Subang is not in Malaysia.,0
The city of Kampung Baru Subang is not in the Philippines.,1
The city of Subang Jaya is not in Malaysia.,0
The city of Subang Jaya is not in Germany.,1
The city of Maputo is not in Mozambique.,0
The city of Maputo is not in Japan.,1
The city of Kumamoto is not in Japan.,0
The city of Kumamoto is not in China.,1
The city of Daegu is not in South Korea.,0
The city of Daegu is not in the United States.,1
The city of Vilnius is not in Lithuania.,0
The city of Vilnius is not in China.,1
The city of Ranchi is not in India.,0
The city of Ranchi is not in Venezuela.,1
The city of Jalandhar is not in India.,0
The city of Jalandhar is not in Iraq.,1
The city of Bhayandar is not in India.,0
The city of Bhayandar is not in China.,1
The city of Bareilly is not in India.,0
The city of Bareilly is not in Mozambique.,1
The city of Santo Domingo Este is not in the Dominican Republic.,0
The city of Santo Domingo Este is not in India.,1
The city of Al Fayyum is not in Egypt.,0
The city of Al Fayyum is not in Chile.,1
The city of Rizhao is not in China.,0
The city of Rizhao is not in Iraq.,1
"The city of Mianzhu, Deyang, Sichuan is not in China.",0
"The city of Mianzhu, Deyang, Sichuan is not in India.",1
The city of Jabalpur is not in India.,0
The city of Jabalpur is not in Ukraine.,1
The city of Bilimora is not in India.,0
The city of Bilimora is not in Uzbekistan.,1
The city of Accra is not in Ghana.,0
The city of Accra is not in China.,1
The city of Bogor is not in Indonesia.,0
The city of Bogor is not in South Korea.,1
The city of Nyala is not in Sudan.,0
The city of Nyala is not in Mozambique.,1
The city of Eskisehir is not in Turkey.,0
The city of Eskisehir is not in China.,1
The city of Antalya is not in Turkey.,0
The city of Antalya is not in Germany.,1
The city of Dnipro is not in Ukraine.,0
The city of Dnipro is not in Russia.,1
The city of Khabarovsk is not in Russia.,0
The city of Khabarovsk is not in Saudi Arabia.,1
The city of Irkutsk is not in Russia.,0
The city of Irkutsk is not in Morocco.,1
The city of Libreville is not in Gabon.,0
The city of Libreville is not in the United States.,1
The city of Santiago de los Caballeros is not in the Dominican Republic.,0
The city of Santiago de los Caballeros is not in India.,1
The city of Algiers is not in Algeria.,0
The city of Algiers is not in China.,1
The city of Nashik is not in India.,0
The city of Nashik is not in China.,1
The city of Karol Bagh is not in India.,0
The city of Karol Bagh is not in Syria.,1
The city of Orumiyeh is not in Iran.,0
The city of Orumiyeh is not in Saudi Arabia.,1
The city of Zahedan is not in Iran.,0
The city of Zahedan is not in Nicaragua.,1
The city of Xuchang is not in China.,0
The city of Xuchang is not in Japan.,1
The city of Changde is not in China.,0
The city of Changde is not in Mexico.,1
The city of Shaoguan is not in China.,0
The city of Shaoguan is not in Pakistan.,1
The city of Jilin is not in China.,0
The city of Jilin is not in the United States.,1
The city of Manaus is not in Brazil.,0
The city of Manaus is not in Turkey.,1
The city of Jaboatao dos Guararapes is not in Brazil.,0
The city of Jaboatao dos Guararapes is not in Myanmar.,1
The city of Kakamega is not in Kenya.,0
The city of Kakamega is not in Russia.,1
The city of Agadir is not in Morocco.,0
The city of Agadir is not in Bangladesh.,1
The city of Ulan Bator is not in Mongolia.,0
The city of Ulan Bator is not in Ukraine.,1
The city of Muscat is not in Oman.,0
The city of Muscat is not in Bangladesh.,1
The city of Paranaque City is not in the Philippines.,0
The city of Paranaque City is not in India.,1
The city of Rahim Yar Khan is not in Pakistan.,0
The city of Rahim Yar Khan is not in Lithuania.,1
The city of Balikpapan is not in Indonesia.,0
The city of Balikpapan is not in Japan.,1
The city of Guarulhos is not in Brazil.,0
The city of Guarulhos is not in China.,1
The city of Volgograd is not in Russia.,0
The city of Volgograd is not in Nigeria.,1
The city of Ulyanovsk is not in Russia.,0
The city of Ulyanovsk is not in Ukraine.,1
The city of Kota Bharu is not in Malaysia.,0
The city of Kota Bharu is not in Norway.,1
The city of Sarajevo is not in Bosnia and Herzegovina.,0
The city of Sarajevo is not in South Africa.,1
The city of Maceio is not in Brazil.,0
The city of Maceio is not in China.,1
The city of Joao Pessoa is not in Brazil.,0
The city of Joao Pessoa is not in South Africa.,1
The city of Shangqiu is not in China.,0
The city of Shangqiu is not in South Korea.,1
The city of Zhangye is not in China.,0
The city of Zhangye is not in Venezuela.,1
The city of Xuanzhou is not in China.,0
The city of Xuanzhou is not in Tanzania.,1
The city of Wuhan is not in China.,0
The city of Wuhan is not in Egypt.,1
The city of Nanchang is not in China.,0
The city of Nanchang is not in Malaysia.,1
The city of Luancheng is not in China.,0
The city of Luancheng is not in Brazil.,1
The city of Liuzhou is not in China.,0
The city of Liuzhou is not in Russia.,1
The city of Guangyuan is not in China.,0
The city of Guangyuan is not in Mexico.,1
The city of Bijie is not in China.,0
The city of Bijie is not in Indonesia.,1
The city of Zhoushan is not in China.,0
The city of Zhoushan is not in the Philippines.,1
The city of Hegang is not in China.,0
The city of Hegang is not in Russia.,1
The city of E'zhou is not in China.,0
The city of E'zhou is not in Malaysia.,1
The city of Campos dos Goytacazes is not in Brazil.,0
The city of Campos dos Goytacazes is not in Vietnam.,1
The city of Bucharest is not in Romania.,0
The city of Bucharest is not in Italy.,1
The city of Ansan-si is not in South Korea.,0
The city of Ansan-si is not in Canada.,1
The city of Casablanca is not in Morocco.,0
The city of Casablanca is not in Russia.,1
The city of Coyoacan is not in Mexico.,0
The city of Coyoacan is not in Kenya.,1
The city of Oyo is not in Nigeria.,0
The city of Oyo is not in China.,1
The city of Pasig City is not in the Philippines.,0
The city of Pasig City is not in Morocco.,1
The city of Kano is not in Nigeria.,0
The city of Kano is not in China.,1
The city of Bahawalpur is not in Pakistan.,0
The city of Bahawalpur is not in China.,1
The city of New Kingston is not in Jamaica.,0
The city of New Kingston is not in South Africa.,1
The city of Pyongyang is not in North Korea.,0
The city of Pyongyang is not in Argentina.,1
The city of Shymkent is not in Kazakhstan.,0
The city of Shymkent is not in China.,1
The city of Tlalpan is not in Mexico.,0
The city of Tlalpan is not in Egypt.,1
The city of Kemerovo is not in Russia.,0
The city of Kemerovo is not in India.,1
The city of Zaporizhzhya is not in Ukraine.,0
The city of Zaporizhzhya is not in South Korea.,1
The city of Iztapalapa is not in Mexico.,0
The city of Iztapalapa is not in Yemen.,1
The city of Aguascalientes is not in Mexico.,0
The city of Aguascalientes is not in China.,1
The city of Kuala Lumpur is not in Malaysia.,0
The city of Kuala Lumpur is not in Oman.,1
The city of Warri is not in Nigeria.,0
The city of Warri is not in China.,1
The city of Peshawar is not in Pakistan.,0
The city of Peshawar is not in Tanzania.,1
The city of Kagoshima is not in Japan.,0
The city of Kagoshima is not in India.,1
The city of Hamamatsu is not in Japan.,0
The city of Hamamatsu is not in Russia.,1
The city of Cheongju-si is not in South Korea.,0
The city of Cheongju-si is not in India.,1
The city of Ghaziabad is not in India.,0
The city of Ghaziabad is not in South Korea.,1
The city of Cochin is not in India.,0
The city of Cochin is not in China.,1
The city of Ahmedabad is not in India.,0
The city of Ahmedabad is not in China.,1
The city of Sulaymaniyah is not in Iraq.,0
The city of Sulaymaniyah is not in Turkey.,1
The city of Hamadan is not in Iran.,0
The city of Hamadan is not in Pakistan.,1
The city of Omsk is not in Russia.,0
The city of Omsk is not in China.,1
The city of Ta'if is not in Saudi Arabia.,0
The city of Ta'if is not in Venezuela.,1
The city of Stockholm is not in Sweden.,0
The city of Stockholm is not in Russia.,1
The city of Siliguri is not in India.,0
The city of Siliguri is not in China.,1
The city of Baghdad is not in Iraq.,0
The city of Baghdad is not in China.,1
The city of Al Basrah al Qadimah is not in Iraq.,0
The city of Al Basrah al Qadimah is not in China.,1
The city of Krakow is not in Poland.,0
The city of Krakow is not in South Korea.,1
The city of Tolyatti is not in Russia.,0
The city of Tolyatti is not in Ghana.,1
The city of Bandar Lampung is not in Indonesia.,0
The city of Bandar Lampung is not in South Africa.,1
The city of Tucson is not in the United States.,0
The city of Tucson is not in Canada.,1
The city of Can Tho is not in Vietnam.,0
The city of Can Tho is not in Venezuela.,1
The city of Bouake is not in Côte d'Ivoire.,0
The city of Bouake is not in China.,1
The city of Abobo is not in Côte d'Ivoire.,0
The city of Abobo is not in India.,1
The city of Shihezi is not in China.,0
The city of Shihezi is not in Russia.,1
The city of Yunfu is not in China.,0
The city of Yunfu is not in Honduras.,1
The city of Xiangtan is not in China.,0
The city of Xiangtan is not in Brazil.,1
The city of Qionghai is not in China.,0
The city of Qionghai is not in Ecuador.,1
The city of Chuzhou is not in China.,0
The city of Chuzhou is not in India.,1
The city of Taiz is not in Yemen.,0
The city of Taiz is not in Burkina Faso.,1
The city of Tembisa is not in South Africa.,0
The city of Tembisa is not in the Philippines.,1
The city of Puente Alto is not in Chile.,0
The city of Puente Alto is not in China.,1
The city of Zhumadian is not in China.,0
The city of Zhumadian is not in Brazil.,1
The city of Zhengzhou is not in China.,0
The city of Zhengzhou is not in Brazil.,1
The city of Ya'an is not in China.,0
The city of Ya'an is not in Morocco.,1
The city of Xianyang is not in China.,0
The city of Xianyang is not in Russia.,1
The city of Weihai is not in China.,0
The city of Weihai is not in Russia.,1
The city of Pingdingshan is not in China.,0
The city of Pingdingshan is not in South Africa.,1
The city of Bengbu is not in China.,0
The city of Bengbu is not in India.,1
The city of Zhangjiakou is not in China.,0
The city of Zhangjiakou is not in India.,1
The city of Mississauga is not in Canada.,0
The city of Mississauga is not in India.,1
The city of Yerevan is not in Armenia.,0
The city of Yerevan is not in Bangladesh.,1
The city of Albuquerque is not in the United States.,0
The city of Albuquerque is not in Egypt.,1
The city of New South Memphis is not in the United States.,0
The city of New South Memphis is not in China.,1
The city of Calgary is not in Canada.,0
The city of Calgary is not in India.,1
The city of Kisangani is not in the Democratic Republic of the Congo.,0
The city of Kisangani is not in China.,1
The city of Bobo-Dioulasso is not in Burkina Faso.,0
The city of Bobo-Dioulasso is not in China.,1
The city of Sao Jose dos Campos is not in Brazil.,0
The city of Sao Jose dos Campos is not in Iran.,1
The city of Florianopolis is not in Brazil.,0
The city of Florianopolis is not in Ecuador.,1
The city of Cuiaba is not in Brazil.,0
The city of Cuiaba is not in Latvia.,1
The city of Chattogram is not in Bangladesh.,0
The city of Chattogram is not in China.,1
The city of Nanjing is not in China.,0
The city of Nanjing is not in Germany.,1
The city of Kaifeng is not in China.,0
The city of Kaifeng is not in Mexico.,1
The city of Heze is not in China.,0
The city of Heze is not in Yemen.,1
The city of Sendai is not in Japan.,0
The city of Sendai is not in Brazil.,1
The city of Jeonju is not in South Korea.,0
The city of Jeonju is not in the United States.,1
The city of Almaty is not in Kazakhstan.,0
The city of Almaty is not in Iraq.,1
The city of Pimpri is not in India.,0
The city of Pimpri is not in China.,1
The city of Navi Mumbai is not in India.,0
The city of Navi Mumbai is not in China.,1
The city of Novosibirsk is not in Russia.,0
The city of Novosibirsk is not in the Philippines.,1
The city of Goeteborg is not in Sweden.,0
The city of Goeteborg is not in South Korea.,1
The city of Bursa is not in Turkey.,0
The city of Bursa is not in Bosnia and Herzegovina.,1
The city of Dar es Salaam is not in Tanzania.,0
The city of Dar es Salaam is not in Italy.,1
The city of Mbuji-Mayi is not in the Democratic Republic of the Congo.,0
The city of Mbuji-Mayi is not in Pakistan.,1
The city of Goiania is not in Brazil.,0
The city of Goiania is not in China.,1
The city of Yaroslavl is not in Russia.,0
The city of Yaroslavl is not in India.,1
The city of Kigali is not in Rwanda.,0
The city of Kigali is not in Indonesia.,1
The city of Diyarbakir is not in Turkey.,0
The city of Diyarbakir is not in Colombia.,1
The city of Tyumen is not in Russia.,0
The city of Tyumen is not in Mexico.,1
The city of Orenburg is not in Russia.,0
The city of Orenburg is not in Malaysia.,1
The city of Osaka is not in Japan.,0
The city of Osaka is not in India.,1
The city of Sapporo is not in Japan.,0
The city of Sapporo is not in Mexico.,1
The city of Kimhae is not in South Korea.,0
The city of Kimhae is not in Senegal.,1
The city of Cheonan is not in South Korea.,0
The city of Cheonan is not in Myanmar.,1
The city of San Luis Potosi is not in Mexico.,0
The city of San Luis Potosi is not in the Democratic Republic of the Congo.,1
The city of Culiacan is not in Mexico.,0
The city of Culiacan is not in China.,1
The city of Kaduna is not in Nigeria.,0
The city of Kaduna is not in Turkey.,1
The city of General Santos is not in the Philippines.,0
The city of General Santos is not in China.,1
The city of Ebute Ikorodu is not in Nigeria.,0
The city of Ebute Ikorodu is not in China.,1
The city of Benin City is not in Nigeria.,0
The city of Benin City is not in China.,1
The city of Kanpur is not in India.,0
The city of Kanpur is not in Brazil.,1
The city of Indore is not in India.,0
The city of Indore is not in Turkey.,1
The city of Zunyi is not in China.,0
The city of Zunyi is not in Senegal.,1
The city of Zhanjiang is not in China.,0
The city of Zhanjiang is not in India.,1
The city of Wenzhou is not in China.,0
The city of Wenzhou is not in Moldova.,1
The city of Luohe is not in China.,0
The city of Luohe is not in Brazil.,1
The city of Kunming is not in China.,0
The city of Kunming is not in Mexico.,1
The city of Cixi is not in China.,0
The city of Cixi is not in Indonesia.,1
The city of Hanzhong is not in China.,0
The city of Hanzhong is not in Iran.,1
The city of Guangzhou is not in China.,0
The city of Guangzhou is not in India.,1
The city of Munich is not in Germany.,0
The city of Munich is not in China.,1
The city of Pekanbaru is not in Indonesia.,0
The city of Pekanbaru is not in India.,1
The city of Malang is not in Indonesia.,0
The city of Malang is not in Morocco.,1
The city of Douala is not in Cameroon.,0
The city of Douala is not in Russia.,1
The city of Kashgar is not in China.,0
The city of Kashgar is not in Turkey.,1
The city of Zibo is not in China.,0
The city of Zibo is not in India.,1
The city of Tianshui is not in China.,0
The city of Tianshui is not in Canada.,1
The city of Laibin is not in China.,0
The city of Laibin is not in Ethiopia.,1
The city of Deyang is not in China.,0
The city of Deyang is not in Japan.,1
The city of Teresina is not in Brazil.,0
The city of Teresina is not in Vietnam.,1
The city of Leipzig is not in Germany.,0
The city of Leipzig is not in Russia.,1
The city of Duesseldorf is not in Germany.,0
The city of Duesseldorf is not in Mexico.,1
The city of Zagreb is not in Croatia.,0
The city of Zagreb is not in Japan.,1
The city of Hannover is not in Germany.,0
The city of Hannover is not in China.,1
The city of Penza is not in Russia.,0
The city of Penza is not in China.,1
The city of Matola is not in Mozambique.,0
The city of Matola is not in India.,1
The city of Enugu is not in Nigeria.,0
The city of Enugu is not in South Korea.,1
The city of Shizuoka is not in Japan.,0
The city of Shizuoka is not in China.,1
The city of Himeji is not in Japan.,0
The city of Himeji is not in the Democratic Republic of the Congo.,1
The city of Hamhung is not in North Korea.,0
The city of Hamhung is not in China.,1
The city of Seoul is not in South Korea.,0
The city of Seoul is not in Nicaragua.,1
The city of Meerut is not in India.,0
The city of Meerut is not in Nigeria.,1
The city of Hubli is not in India.,0
The city of Hubli is not in Indonesia.,1
The city of Dubai is not in the United Arab Emirates.,0
The city of Dubai is not in the United States.,1
The city of Astrakhan is not in Russia.,0
The city of Astrakhan is not in India.,1
The city of Aleppo is not in Syria.,0
The city of Aleppo is not in China.,1
The city of Ar Raqqah is not in Syria.,0
The city of Ar Raqqah is not in Iraq.,1
The city of Saint Petersburg is not in Russia.,0
The city of Saint Petersburg is not in Canada.,1
The city of Johannesburg is not in South Africa.,0
The city of Johannesburg is not in China.,1
The city of Wanzhou is not in China.,0
The city of Wanzhou is not in India.,1
The city of Anyang is not in China.,0
The city of Anyang is not in Kuwait.,1
The city of Qinhuangdao is not in China.,0
The city of Qinhuangdao is not in Eritrea.,1
The city of Meizhou is not in China.,0
The city of Meizhou is not in Russia.,1
The city of Yangjiang is not in China.,0
The city of Yangjiang is not in Indonesia.,1
The city of Beijing is not in China.,0
The city of Beijing is not in Ghana.,1
The city of Shah Alam is not in Malaysia.,0
The city of Shah Alam is not in China.,1
The city of Vadodara is not in India.,0
The city of Vadodara is not in Russia.,1
The city of Sangli is not in India.,0
The city of Sangli is not in Japan.,1
The city of Guwahati is not in India.,0
The city of Guwahati is not in China.,1
The city of Prayagraj is not in India.,0
The city of Prayagraj is not in Kenya.,1
The city of Aligarh is not in India.,0
The city of Aligarh is not in China.,1
The city of Kermanshah is not in Iran.,0
The city of Kermanshah is not in China.,1
The city of Semarang is not in Indonesia.,0
The city of Semarang is not in Saudi Arabia.,1
The city of Khulna is not in Bangladesh.,0
The city of Khulna is not in Japan.,1
The city of Korla is not in China.,0
The city of Korla is not in Azerbaijan.,1
The city of Zaozhuang is not in China.,0
The city of Zaozhuang is not in Belarus.,1
The city of Xiamen is not in China.,0
The city of Xiamen is not in Pakistan.,1
The city of Shenzhen is not in China.,0
The city of Shenzhen is not in Mexico.,1
The city of Maoming is not in China.,0
The city of Maoming is not in Brazil.,1
The city of Anshun is not in China.,0
The city of Anshun is not in Brazil.,1
The city of Siping is not in China.,0
The city of Siping is not in Iraq.,1
The city of Shuangyashan is not in China.,0
The city of Shuangyashan is not in India.,1
The city of Jiamusi is not in China.,0
The city of Jiamusi is not in Germany.,1
The city of Minsk is not in Belarus.,0
The city of Minsk is not in South Korea.,1
The city of Lubumbashi is not in the Democratic Republic of the Congo.,0
The city of Lubumbashi is not in India.,1
The city of San Miguel de Tucuman is not in Argentina.,0
The city of San Miguel de Tucuman is not in China.,1
The city of Cotonou is not in Benin.,0
The city of Cotonou is not in China.,1
The city of Comilla is not in Bangladesh.,0
The city of Comilla is not in China.,1
The city of Sao Bernardo do Campo is not in Brazil.,0
The city of Sao Bernardo do Campo is not in Zambia.,1
The city of Feira de Santana is not in Brazil.,0
The city of Feira de Santana is not in China.,1
The city of Porto Alegre is not in Brazil.,0
The city of Porto Alegre is not in Belarus.,1
The city of Juiz de Fora is not in Brazil.,0
The city of Juiz de Fora is not in India.,1
The city of Nagoya is not in Japan.,0
The city of Nagoya is not in China.,1
The city of Al Ahmadi is not in Kuwait.,0
The city of Al Ahmadi is not in Japan.,1
The city of Beirut is not in Lebanon.,0
The city of Beirut is not in Algeria.,1
The city of Lilongwe is not in Malawi.,0
The city of Lilongwe is not in Turkey.,1
The city of Ecatepec de Morelos is not in Mexico.,0
The city of Ecatepec de Morelos is not in India.,1
The city of Cancun is not in Mexico.,0
The city of Cancun is not in Myanmar.,1
The city of Isfahan is not in Iran.,0
The city of Isfahan is not in China.,1
The city of Conakry is not in Guinea.,0
The city of Conakry is not in Belarus.,1
The city of Petaling Jaya is not in Malaysia.,0
The city of Petaling Jaya is not in Bosnia and Herzegovina.,1
The city of Zaria is not in Nigeria.,0
The city of Zaria is not in India.,1
The city of Cimahi is not in Indonesia.,0
The city of Cimahi is not in Germany.,1
The city of Arequipa is not in Peru.,0
The city of Arequipa is not in India.,1
The city of Multan is not in Pakistan.,0
The city of Multan is not in Ecuador.,1
The city of Bahcelievler is not in Turkey.,0
The city of Bahcelievler is not in Germany.,1
The city of Saratov is not in Russia.,0
The city of Saratov is not in Indonesia.,1
The city of Kharkiv is not in Ukraine.,0
The city of Kharkiv is not in Moldova.,1
The city of Malatya is not in Turkey.,0
The city of Malatya is not in Russia.,1
The city of Lviv is not in Ukraine.,0
The city of Lviv is not in China.,1
The city of Kyiv is not in Ukraine.,0
The city of Kyiv is not in Russia.,1
The city of Kitakyushu is not in Japan.,0
The city of Kitakyushu is not in Yemen.,1
The city of Onitsha is not in Nigeria.,0
The city of Onitsha is not in China.,1
The city of Anyang-si is not in South Korea.,0
The city of Anyang-si is not in Iraq.,1
The city of Kobe is not in Japan.,0
The city of Kobe is not in China.,1
The city of Chiclayo is not in Peru.,0
The city of Chiclayo is not in Venezuela.,1
The city of Phnom Penh is not in Cambodia.,0
The city of Phnom Penh is not in Senegal.,1
The city of Nouakchott is not in Mauritania.,0
The city of Nouakchott is not in China.,1
The city of Vijayawada is not in India.,0
The city of Vijayawada is not in Nigeria.,1
The city of Theni is not in India.,0
The city of Theni is not in Nigeria.,1
The city of Narela is not in India.,0
The city of Narela is not in Turkey.,1
The city of Quetta is not in Pakistan.,0
The city of Quetta is not in Kenya.,1
The city of Chennai is not in India.,0
The city of Chennai is not in China.,1
The city of Changshu is not in China.,0
The city of Changshu is not in the Philippines.,1
The city of Tehran is not in Iran.,0
The city of Tehran is not in Niger.,1
The city of Bayannur is not in China.,0
The city of Bayannur is not in Russia.,1
The city of Barranquilla is not in Colombia.,0
The city of Barranquilla is not in Pakistan.,1
The city of Budapest is not in Hungary.,0
The city of Budapest is not in Iraq.,1
The city of Pontianak is not in Indonesia.,0
The city of Pontianak is not in India.,1
The city of Recife is not in Brazil.,0
The city of Recife is not in North Korea.,1
The city of Contagem is not in Brazil.,0
The city of Contagem is not in Indonesia.,1
The city of Port Said is not in Egypt.,0
The city of Port Said is not in China.,1
The city of Asyut is not in Egypt.,0
The city of Asyut is not in Japan.,1
The city of Ziyang is not in China.,0
The city of Ziyang is not in Belgium.,1
The city of Yinchuan is not in China.,0
The city of Yinchuan is not in Bangladesh.,1
The city of Zhangjiagang is not in China.,0
The city of Zhangjiagang is not in Brazil.,1
The city of Shanghai is not in China.,0
The city of Shanghai is not in Mexico.,1
The city of Jieyang is not in China.,0
The city of Jieyang is not in the Philippines.,1
The city of Longyan is not in China.,0
The city of Longyan is not in Benin.,1
The city of Dandong is not in China.,0
The city of Dandong is not in Niger.,1
The city of Frankfurt am Main is not in Germany.,0
The city of Frankfurt am Main is not in Vietnam.,1
The city of Lusaka is not in Zambia.,0
The city of Lusaka is not in Poland.,1
The city of Aden is not in Yemen.,0
The city of Aden is not in Japan.,1
The city of Jaboatao is not in Brazil.,0
The city of Jaboatao is not in Syria.,1
The city of Aracaju is not in Brazil.,0
The city of Aracaju is not in Russia.,1
The city of Londrina is not in Brazil.,0
The city of Londrina is not in India.,1
The city of Zigong is not in China.,0
The city of Zigong is not in Turkey.,1
The city of Kunshan is not in China.,0
The city of Kunshan is not in Russia.,1
The city of Yichang is not in China.,0
The city of Yichang is not in Japan.,1
The city of Sanming is not in China.,0
The city of Sanming is not in Bulgaria.,1
The city of Guang'an is not in China.,0
The city of Guang'an is not in Germany.,1
The city of Ma'anshan is not in China.,0
The city of Ma'anshan is not in India.,1
The city of Dongying is not in China.,0
The city of Dongying is not in India.,1
The city of Fushun is not in China.,0
The city of Fushun is not in Mexico.,1
The city of Rajshahi is not in Bangladesh.,0
The city of Rajshahi is not in Russia.,1
The city of Rangpur is not in Bangladesh.,0
The city of Rangpur is not in Russia.,1
The city of Dortmund is not in Germany.,0
The city of Dortmund is not in India.,1
The city of Detroit is not in the United States.,0
The city of Detroit is not in China.,1
The city of Latakia is not in Syria.,0
The city of Latakia is not in Somalia.,1
The city of Ashgabat is not in Turkmenistan.,0
The city of Ashgabat is not in Bangladesh.,1
The city of Maracaibo is not in Venezuela.,0
The city of Maracaibo is not in Russia.,1
The city of Erode is not in India.,0
The city of Erode is not in China.,1
The city of Mumbai is not in India.,0
The city of Mumbai is not in China.,1
The city of Nasiriyah is not in Iraq.,0
The city of Nasiriyah is not in Rwanda.,1
The city of Kahriz is not in Iran.,0
The city of Kahriz is not in Uzbekistan.,1
The city of Surakarta is not in Indonesia.,0
The city of Surakarta is not in India.,1
The city of Banjarmasin is not in Indonesia.,0
The city of Banjarmasin is not in South Korea.,1
The city of Vladivostok is not in Russia.,0
The city of Vladivostok is not in Romania.,1
The city of Adana is not in Turkey.,0
The city of Adana is not in Togo.,1
The city of Voronezh is not in Russia.,0
The city of Voronezh is not in Romania.,1
The city of Namangan is not in Uzbekistan.,0
The city of Namangan is not in India.,1
The city of Ordos is not in China.,0
The city of Ordos is not in Brazil.,1
The city of Moradabad is not in India.,0
The city of Moradabad is not in China.,1
The city of Bengaluru is not in India.,0
The city of Bengaluru is not in China.,1
The city of Shivaji Nagar is not in India.,0
The city of Shivaji Nagar is not in China.,1
The city of Turin is not in Italy.,0
The city of Turin is not in China.,1
The city of Okayama is not in Japan.,0
The city of Okayama is not in Russia.,1
The city of Daejeon is not in South Korea.,0
The city of Daejeon is not in India.,1
The city of Battagram is not in Pakistan.,0
The city of Battagram is not in Tanzania.,1
The city of Yaounde is not in Cameroon.,0
The city of Yaounde is not in China.,1
The city of Zhangzhou is not in China.,0
The city of Zhangzhou is not in Nicaragua.,1
The city of Yangquan is not in China.,0
The city of Yangquan is not in Hungary.,1
The city of Sanya is not in China.,0
The city of Sanya is not in India.,1
The city of Foshan is not in China.,0
The city of Foshan is not in Mozambique.,1
The city of Sharjah is not in the United Arab Emirates.,0
The city of Sharjah is not in China.,1
The city of Al Ain City is not in the United Arab Emirates.,0
The city of Al Ain City is not in India.,1
The city of Kalininskiy is not in Russia.,0
The city of Kalininskiy is not in Japan.,1
The city of Mersin is not in Turkey.,0
The city of Mersin is not in the United States.,1
The city of Guayaquil is not in Ecuador.,0
The city of Guayaquil is not in China.,1
The city of Tegucigalpa is not in Honduras.,0
The city of Tegucigalpa is not in China.,1
The city of Koeln is not in Germany.,0
The city of Koeln is not in Nigeria.,1
The city of Nuernberg is not in Germany.,0
The city of Nuernberg is not in China.,1
The city of Zarqa is not in Jordan.,0
The city of Zarqa is not in India.,1
The city of Riga is not in Latvia.,0
The city of Riga is not in Japan.,1
The city of Nanded is not in India.,0
The city of Nanded is not in China.,1
The city of Gwalior is not in India.,0
The city of Gwalior is not in China.,1
The city of Dombivli is not in India.,0
The city of Dombivli is not in Mali.,1
The city of Kallakurichi is not in India.,0
The city of Kallakurichi is not in Iraq.,1
The city of Bekasi is not in Indonesia.,0
The city of Bekasi is not in China.,1
The city of Johor Bahru is not in Malaysia.,0
The city of Johor Bahru is not in Cuba.,1
The city of Santa Maria Chimalhuacan is not in Mexico.,0
The city of Santa Maria Chimalhuacan is not in Saudi Arabia.,1
The city of Urumqi is not in China.,0
The city of Urumqi is not in Vietnam.,1
The city of Qingdao is not in China.,0
The city of Qingdao is not in India.,1
The city of Sofia is not in Bulgaria.,0
The city of Sofia is not in South Korea.,1
The city of Nova Iguacu is not in Brazil.,0
The city of Nova Iguacu is not in India.,1
The city of Abeokuta is not in Nigeria.,0
The city of Abeokuta is not in Mozambique.,1
The city of Amman is not in Jordan.,0
The city of Amman is not in Malaysia.,1
The city of Hachioji is not in Japan.,0
The city of Hachioji is not in Mexico.,1
The city of Fukuoka is not in Japan.,0
The city of Fukuoka is not in Senegal.,1
The city of Goyang-si is not in South Korea.,0
The city of Goyang-si is not in Russia.,1
The city of Meknes is not in Morocco.,0
The city of Meknes is not in China.,1
The city of Antananarivo is not in Madagascar.,0
The city of Antananarivo is not in Germany.,1
The city of Kalyan is not in India.,0
The city of Kalyan is not in South Korea.,1
The city of Jaipur is not in India.,0
The city of Jaipur is not in China.,1
The city of Guntur is not in India.,0
The city of Guntur is not in China.,1
The city of Bhilai is not in India.,0
The city of Bhilai is not in Venezuela.,1
The city of Bhavnagar is not in India.,0
The city of Bhavnagar is not in Japan.,1
The city of Amravati is not in India.,0
The city of Amravati is not in China.,1
The city of Shiraz is not in Iran.,0
The city of Shiraz is not in China.,1
The city of Lome is not in Togo.,0
The city of Lome is not in Yemen.,1
The city of Erzurum is not in Turkey.,0
The city of Erzurum is not in the Democratic Republic of the Congo.,1
The city of Seattle is not in the United States.,0
The city of Seattle is not in Yemen.,1
The city of Barquisimeto is not in Venezuela.,0
The city of Barquisimeto is not in Poland.,1
The city of Kryvyy Rih is not in Ukraine.,0
The city of Kryvyy Rih is not in China.,1
The city of Krasnoyarsk is not in Russia.,0
The city of Krasnoyarsk is not in India.,1
The city of Quzhou is not in China.,0
The city of Quzhou is not in Vietnam.,1
The city of Pingliang is not in China.,0
The city of Pingliang is not in Tanzania.,1
The city of Puning is not in China.,0
The city of Puning is not in India.,1
The city of Huzhou is not in China.,0
The city of Huzhou is not in Germany.,1
The city of Chizhou is not in China.,0
The city of Chizhou is not in the Republic of the Congo.,1
The city of Chengdu is not in China.,0
The city of Chengdu is not in South Korea.,1
The city of Cangzhou is not in China.,0
The city of Cangzhou is not in Germany.,1
The city of Samarinda is not in Indonesia.,0
The city of Samarinda is not in Iraq.,1
The city of Helsinki is not in Finland.,0
The city of Helsinki is not in Pakistan.,1
The city of Khabarovsk Vtoroy is not in Russia.,0
The city of Khabarovsk Vtoroy is not in China.,1
The city of Wroclaw is not in Poland.,0
The city of Wroclaw is not in Mexico.,1
The city of Oslo is not in Norway.,0
The city of Oslo is not in Venezuela.,1
The city of Caloocan City is not in the Philippines.,0
The city of Caloocan City is not in China.,1
The city of Ryazan' is not in Russia.,0
The city of Ryazan' is not in South Korea.,1
The city of Ciudad Guayana is not in Venezuela.,0
The city of Ciudad Guayana is not in South Africa.,1
The city of Ho Chi Minh City is not in Vietnam.,0
The city of Ho Chi Minh City is not in Gabon.,1
The city of Al Hudaydah is not in Yemen.,0
The city of Al Hudaydah is not in South Korea.,1
The city of Soweto is not in South Africa.,0
The city of Soweto is not in Gabon.,1
The city of Benoni is not in South Africa.,0
The city of Benoni is not in the Philippines.,1
The city of Wuzhou is not in China.,0
The city of Wuzhou is not in Syria.,1
The city of Wanxian is not in China.,0
The city of Wanxian is not in Algeria.,1
The city of Qinzhou is not in China.,0
The city of Qinzhou is not in India.,1
The city of Wuwei is not in China.,0
The city of Wuwei is not in India.,1
The city of Hefei is not in China.,0
The city of Hefei is not in Germany.,1
The city of Handan is not in China.,0
The city of Handan is not in Russia.,1
The city of Jiangyin is not in China.,0
The city of Jiangyin is not in Bulgaria.,1
The city of Brazzaville is not in the Republic of the Congo.,0
The city of Brazzaville is not in Nigeria.,1
The city of Sorocaba is not in Brazil.,0
The city of Sorocaba is not in Mexico.,1
The city of Aktobe is not in Kazakhstan.,0
The city of Aktobe is not in Afghanistan.,1
The city of Chisinau is not in Moldova.,0
The city of Chisinau is not in Germany.,1
The city of Tiruppur is not in India.,0
The city of Tiruppur is not in Japan.,1
The city of Kozhikode is not in India.,0
The city of Kozhikode is not in the United States.,1
The city of Asansol is not in India.,0
The city of Asansol is not in China.,1
The city of Suizhou is not in China.,0
The city of Suizhou is not in Japan.,1
The city of Jingmen is not in China.,0
The city of Jingmen is not in Japan.,1
The city of Huangshi is not in China.,0
The city of Huangshi is not in India.,1
The city of Huaibei is not in China.,0
The city of Huaibei is not in Brazil.,1
The city of Hebi is not in China.,0
The city of Hebi is not in Nigeria.,1
The city of Benxi is not in China.,0
The city of Benxi is not in Brazil.,1
The city of Fortaleza is not in Brazil.,0
The city of Fortaleza is not in Honduras.,1
The city of Antwerpen is not in Belgium.,0
The city of Antwerpen is not in Japan.,1
The city of Pikine is not in Senegal.,0
The city of Pikine is not in Pakistan.,1
The city of Dakar is not in Senegal.,0
The city of Dakar is not in India.,1
The city of Faisalabad is not in Pakistan.,0
The city of Faisalabad is not in India.,1
The city of Kyoto is not in Japan.,0
The city of Kyoto is not in China.,1
The city of Port Harcourt is not in Nigeria.,0
The city of Port Harcourt is not in Eritrea.,1
The city of Makhachkala is not in Russia.,0
The city of Makhachkala is not in Indonesia.,1
The city of Thiruvananthapuram is not in India.,0
The city of Thiruvananthapuram is not in Japan.,1
The city of Madurai is not in India.,0
The city of Madurai is not in Burundi.,1
The city of Abu Ghurayb is not in Iraq.,0
The city of Abu Ghurayb is not in Indonesia.,1
The city of Karaj is not in Iran.,0
The city of Karaj is not in India.,1
The city of Kampala is not in Uganda.,0
The city of Kampala is not in Turkey.,1
The city of Chicago is not in the United States.,0
The city of Chicago is not in Madagascar.,1
The city of Milwaukee is not in the United States.,0
The city of Milwaukee is not in China.,1
The city of Bloemfontein is not in South Africa.,0
The city of Bloemfontein is not in China.,1
The city of Uberlandia is not in Brazil.,0
The city of Uberlandia is not in India.,1
The city of Curitiba is not in Brazil.,0
The city of Curitiba is not in India.,1
The city of Rio de Janeiro is not in Brazil.,0
The city of Rio de Janeiro is not in Japan.,1
The city of Ribeirao Preto is not in Brazil.,0
The city of Ribeirao Preto is not in China.,1
The city of The Bronx is not in the United States.,0
The city of The Bronx is not in South Korea.,1
The city of Samarkand is not in Uzbekistan.,0
The city of Samarkand is not in China.,1
The city of Da Nang is not in Vietnam.,0
The city of Da Nang is not in China.,1
The city of Tomsk is not in Russia.,0
The city of Tomsk is not in Ghana.,1
The city of Najran is not in Saudi Arabia.,0
The city of Najran is not in India.,1
The city of Bangkok is not in Thailand.,0
The city of Bangkok is not in China.,1
The city of Oklahoma City is not in the United States.,0
The city of Oklahoma City is not in China.,1
The city of Izhevsk is not in Russia.,0
The city of Izhevsk is not in Nigeria.,1
The city of Madinat an Nasr is not in Egypt.,0
The city of Madinat an Nasr is not in India.,1
The city of Yibin is not in China.,0
The city of Yibin is not in Brazil.,1
The city of Sanmenxia is not in China.,0
The city of Sanmenxia is not in Brazil.,1
The city of Rui'an is not in China.,0
The city of Rui'an is not in Indonesia.,1
The city of Ningbo is not in China.,0
The city of Ningbo is not in South Korea.,1
The city of Jiujiang is not in China.,0
The city of Jiujiang is not in Indonesia.,1
The city of Jiaozuo is not in China.,0
The city of Jiaozuo is not in Bangladesh.,1
The city of Jiangmen is not in China.,0
The city of Jiangmen is not in South Korea.,1
The city of Huizhou is not in China.,0
The city of Huizhou is not in the United States.,1
The city of Harbin is not in China.,0
The city of Harbin is not in Russia.,1
The city of Herat is not in Afghanistan.,0
The city of Herat is not in China.,1
The city of Kleinzschocher is not in Germany.,0
The city of Kleinzschocher is not in Brazil.,1
The city of Davao is not in the Philippines.,0
The city of Davao is not in Brazil.,1
The city of Sargodha is not in Pakistan.,0
The city of Sargodha is not in India.,1
The city of Islamabad is not in Pakistan.,0
The city of Islamabad is not in Japan.,1
The city of Zapopan is not in Mexico.,0
The city of Zapopan is not in China.,1
The city of Visakhapatnam is not in India.,0
The city of Visakhapatnam is not in Indonesia.,1
The city of Rourkela is not in India.,0
The city of Rourkela is not in Brazil.,1
The city of Dhanbad is not in India.,0
The city of Dhanbad is not in Kenya.,1
The city of Bokaro is not in India.,0
The city of Bokaro is not in China.,1
The city of Tabriz is not in Iran.,0
The city of Tabriz is not in India.,1
The city of Tlaquepaque is not in Mexico.,0
The city of Tlaquepaque is not in Japan.,1
The city of Victoria de Durango is not in Mexico.,0
The city of Victoria de Durango is not in Ghana.,1
The city of Kota Kinabalu is not in Malaysia.,0
The city of Kota Kinabalu is not in the United States.,1
The city of Nairobi is not in Kenya.,0
The city of Nairobi is not in Mexico.,1
The city of Taguig is not in the Philippines.,0
The city of Taguig is not in India.,1
The city of Rajkot is not in India.,0
The city of Rajkot is not in Russia.,1
The city of Pune is not in India.,0
The city of Pune is not in South Korea.,1
The city of Ludhiana is not in India.,0
The city of Ludhiana is not in Togo.,1
The city of Jamshedpur is not in India.,0
The city of Jamshedpur is not in China.,1
The city of Bhiwandi is not in India.,0
The city of Bhiwandi is not in China.,1
The city of Erbil is not in Iraq.,0
The city of Erbil is not in Cuba.,1
The city of Chelyabinsk is not in Russia.,0
The city of Chelyabinsk is not in China.,1
The city of Uskudar is not in Turkey.,0
The city of Uskudar is not in Bulgaria.,1
The city of Bagcilar is not in Turkey.,0
The city of Bagcilar is not in Iran.,1
The city of Quezon City is not in the Philippines.,0
The city of Quezon City is not in China.,1
The city of Mexico City is not in Mexico.,0
The city of Mexico City is not in China.,1
The city of Leon de los Aldama is not in Mexico.,0
The city of Leon de los Aldama is not in China.,1
The city of Fes is not in Morocco.,0
The city of Fes is not in Mali.,1
The city of Surat is not in India.,0
The city of Surat is not in Burkina Faso.,1
The city of Barnaul is not in Russia.,0
The city of Barnaul is not in South Africa.,1
The city of Buraydah is not in Saudi Arabia.,0
The city of Buraydah is not in Rwanda.,1
The city of Bikaner is not in India.,0
The city of Bikaner is not in South Korea.,1
The city of Mogadishu is not in Somalia.,0
The city of Mogadishu is not in Iran.,1
The city of Homs is not in Syria.,0
The city of Homs is not in Indonesia.,1
The city of Port-au-Prince is not in Haiti.,0
The city of Port-au-Prince is not in South Korea.,1
The city of Thuan An is not in Vietnam.,0
The city of Thuan An is not in Mozambique.,1
The city of Sanaa is not in Yemen.,0
The city of Sanaa is not in China.,1
The city of Pretoria is not in South Africa.,0
The city of Pretoria is not in India.,1
The city of Pietermaritzburg is not in South Africa.,0
The city of Pietermaritzburg is not in China.,1
The city of Abu Dhabi is not in the United Arab Emirates.,0
The city of Abu Dhabi is not in Oman.,1
The city of Sao Paulo is not in Brazil.,0
The city of Sao Paulo is not in China.,1
The city of Lianyungang is not in China.,0
The city of Lianyungang is not in the Philippines.,1
The city of Xiaogan is not in China.,0
The city of Xiaogan is not in Ukraine.,1
The city of Taicang is not in China.,0
The city of Taicang is not in Madagascar.,1
The city of Guiyang is not in China.,0
The city of Guiyang is not in South Korea.,1
The city of Ganzhou is not in China.,0
The city of Ganzhou is not in South Korea.,1
The city of Shangyu is not in China.,0
The city of Shangyu is not in the United Arab Emirates.,1
The city of Jambi City is not in Indonesia.,0
The city of Jambi City is not in China.,1
The city of Indianapolis is not in the United States.,0
The city of Indianapolis is not in Côte d'Ivoire.,1
The city of New York City is not in the United States.,0
The city of New York City is not in India.,1
The city of Bulawayo is not in Zimbabwe.,0
The city of Bulawayo is not in China.,1
The city of Santiago de Cuba is not in Cuba.,0
The city of Santiago de Cuba is not in India.,1
The city of Quito is not in Ecuador.,0
The city of Quito is not in China.,1
The city of Shubra al Khaymah is not in Egypt.,0
The city of Shubra al Khaymah is not in Nigeria.,1
The city of Al Mahallah al Kubra is not in Egypt.,0
The city of Al Mahallah al Kubra is not in Afghanistan.,1
The city of Suining is not in China.,0
The city of Suining is not in Algeria.,1
The city of Guankou is not in China.,0
The city of Guankou is not in Pakistan.,1
The city of Langfang is not in China.,0
The city of Langfang is not in India.,1
The city of Jinan is not in China.,0
The city of Jinan is not in Rwanda.,1
The city of Guigang is not in China.,0
The city of Guigang is not in Japan.,1
The city of Dalian is not in China.,0
The city of Dalian is not in Saudi Arabia.,1
The city of Chongqing is not in China.,0
The city of Chongqing is not in Sweden.,1
The city of Homyel' is not in Belarus.,0
The city of Homyel' is not in Iran.,1
The city of Winnipeg is not in Canada.,0
The city of Winnipeg is not in Mexico.,1
The city of Klang is not in Malaysia.,0
The city of Klang is not in China.,1
The city of Irbid is not in Jordan.,0
The city of Irbid is not in India.,1
The city of Bishkek is not in Kyrgyzstan.,0
The city of Bishkek is not in Germany.,1
The city of Muzaffarabad is not in Pakistan.,0
The city of Muzaffarabad is not in China.,1
The city of Kotli is not in Pakistan.,0
The city of Kotli is not in the United States.,1
The city of Nagpur is not in India.,0
The city of Nagpur is not in Denmark.,1
The city of Kolhapur is not in India.,0
The city of Kolhapur is not in Mozambique.,1
The city of Cuttack is not in India.,0
The city of Cuttack is not in Pakistan.,1
The city of Makassar is not in Indonesia.,0
The city of Makassar is not in China.,1
The city of Yekaterinburg is not in Russia.,0
The city of Yekaterinburg is not in Lithuania.,1
The city of Dammam is not in Saudi Arabia.,0
The city of Dammam is not in Russia.,1
The city of Dushanbe is not in Tajikistan.,0
The city of Dushanbe is not in Nigeria.,1
The city of Gaziantep is not in Turkey.,0
The city of Gaziantep is not in Mexico.,1
The city of Asuncion is not in Paraguay.,0
The city of Asuncion is not in Nigeria.,1
The city of Tebessa is not in Algeria.,0
The city of Tebessa is not in India.,1
The city of Zhuzhou is not in China.,0
The city of Zhuzhou is not in France.,1
The city of Xining is not in China.,0
The city of Xining is not in the United Arab Emirates.,1
The city of Tanggu is not in China.,0
The city of Tanggu is not in South Korea.,1
The city of Shantou is not in China.,0
The city of Shantou is not in Pakistan.,1
The city of Shangluo is not in China.,0
The city of Shangluo is not in Honduras.,1
The city of Putian is not in China.,0
The city of Putian is not in Vietnam.,1
The city of Luzhou is not in China.,0
The city of Luzhou is not in Peru.,1
The city of Lanzhou is not in China.,0
The city of Lanzhou is not in Mexico.,1
The city of Chenzhou is not in China.,0
The city of Chenzhou is not in Brazil.,1
The city of Baise is not in China.,0
The city of Baise is not in Japan.,1
The city of Shenyang is not in China.,0
The city of Shenyang is not in Somalia.,1
The city of Daqing is not in China.,0
The city of Daqing is not in Brazil.,1
The city of Brasilia is not in Brazil.,0
The city of Brasilia is not in South Korea.,1
The city of Kandahar is not in Afghanistan.,0
The city of Kandahar is not in China.,1
The city of Gold Coast is not in Australia.,0
The city of Gold Coast is not in China.,1
The city of Ouagadougou is not in Burkina Faso.,0
The city of Ouagadougou is not in China.,1
The city of Duque de Caxias is not in Brazil.,0
The city of Duque de Caxias is not in Côte d'Ivoire.,1
The city of Hiroshima is not in Japan.,0
The city of Hiroshima is not in Malaysia.,1
The city of Saitama is not in Japan.,0
The city of Saitama is not in India.,1
The city of Mandalay is not in Myanmar.,0
The city of Mandalay is not in Algeria.,1
The city of Nampula is not in Mozambique.,0
The city of Nampula is not in India.,1
The city of Mysore is not in India.,0
The city of Mysore is not in Mexico.,1
The city of Coimbatore is not in India.,0
The city of Coimbatore is not in Malaysia.,1
The city of Chandigarh is not in India.,0
The city of Chandigarh is not in China.,1
The city of Amritsar is not in India.,0
The city of Amritsar is not in Moldova.,1
The city of Arak is not in Iran.,0
The city of Arak is not in India.,1
The city of Ilorin is not in Nigeria.,0
The city of Ilorin is not in Ukraine.,1
The city of Omdurman is not in Sudan.,0
The city of Omdurman is not in South Korea.,1
The city of Khartoum is not in Sudan.,0
The city of Khartoum is not in China.,1
The city of Gujranwala is not in Pakistan.,0
The city of Gujranwala is not in China.,1
The city of Nizhniy Novgorod is not in Russia.,0
The city of Nizhniy Novgorod is not in China.,1
The city of Zhaoqing is not in China.,0
The city of Zhaoqing is not in Brazil.,1
The city of Xianning is not in China.,0
The city of Xianning is not in Lebanon.,1
The city of Suqian is not in China.,0
The city of Suqian is not in Mexico.,1
The city of Tonghua is not in China.,0
The city of Tonghua is not in Venezuela.,1
The city of Hezhou is not in China.,0
The city of Hezhou is not in India.,1
The city of Grosszschocher is not in Germany.,0
The city of Grosszschocher is not in China.,1
The city of San Pedro Sula is not in Honduras.,0
The city of San Pedro Sula is not in India.,1
The city of Queens is not in the United States.,0
The city of Queens is not in India.,1
The city of Caracas is not in Venezuela.,0
The city of Caracas is not in Sudan.,1
The city of Bien Hoa is not in Vietnam.,0
The city of Bien Hoa is not in South Korea.,1
The city of Durban is not in South Africa.,0
The city of Durban is not in Ukraine.,1
The city of Kawaguchi is not in Japan.,0
The city of Kawaguchi is not in Indonesia.,1
The city of Bucheon-si is not in South Korea.,0
The city of Bucheon-si is not in Romania.,1
The city of Tangier is not in Morocco.,0
The city of Tangier is not in Ecuador.,1
The city of Nay Pyi Taw is not in Myanmar.,0
The city of Nay Pyi Taw is not in Mozambique.,1
The city of Ulhasnagar is not in India.,0
The city of Ulhasnagar is not in Senegal.,1
The city of Faridabad is not in India.,0
The city of Faridabad is not in the United States.,1
The city of Kolkata is not in India.,0
The city of Kolkata is not in Japan.,1
The city of Karbala is not in Iraq.,0
The city of Karbala is not in Turkey.,1
The city of Jakarta is not in Indonesia.,0
The city of Jakarta is not in Colombia.,1
The city of Denpasar is not in Indonesia.,0
The city of Denpasar is not in Brazil.,1
The city of Batam is not in Indonesia.,0
The city of Batam is not in Turkey.,1
The city of Liupanshui is not in China.,0
The city of Liupanshui is not in the Philippines.,1
The city of Shangrao is not in China.,0
The city of Shangrao is not in Russia.,1
The city of Xingtai is not in China.,0
The city of Xingtai is not in Russia.,1
The city of Qujing is not in China.,0
The city of Qujing is not in India.,1
The city of Nanning is not in China.,0
The city of Nanning is not in Japan.,1
The city of Huainan is not in China.,0
The city of Huainan is not in Egypt.,1
The city of Binzhou is not in China.,0
The city of Binzhou is not in Brazil.,1
The city of Fuxin is not in China.,0
The city of Fuxin is not in Pakistan.,1
The city of Quebec is not in Canada.,0
The city of Quebec is not in Zimbabwe.,1
The city of Mazar-e Sharif is not in Afghanistan.,0
The city of Mazar-e Sharif is not in India.,1
The city of Mar del Plata is not in Argentina.,0
The city of Mar del Plata is not in Nigeria.,1
The city of Salta is not in Argentina.,0
The city of Salta is not in India.,1
The city of Bujumbura is not in Burundi.,0
The city of Bujumbura is not in Nigeria.,1
The city of Ankara is not in Turkey.,0
The city of Ankara is not in Japan.,1
The city of Esenler is not in Turkey.,0
The city of Esenler is not in India.,1
The city of Cankaya is not in Turkey.,0
The city of Cankaya is not in the United States.,1
The city of Ufa is not in Russia.,0
The city of Ufa is not in South Korea.,1
The city of Rawalpindi is not in Pakistan.,0
The city of Rawalpindi is not in Brazil.,1
The city of Karachi is not in Pakistan.,0
The city of Karachi is not in India.,1
The city of Tijuana is not in Mexico.,0
The city of Tijuana is not in the United Arab Emirates.,1
The city of Jos is not in Nigeria.,0
The city of Jos is not in India.,1
The city of Ibadan is not in Nigeria.,0
The city of Ibadan is not in Malaysia.,1
The city of Managua is not in Nicaragua.,0
The city of Managua is not in Turkey.,1
The city of Ha'il is not in Saudi Arabia.,0
The city of Ha'il is not in China.,1
The city of Haiphong is not in Vietnam.,0
The city of Haiphong is not in the Dominican Republic.,1
The city of Cape Town is not in South Africa.,0
The city of Cape Town is not in China.,1
The city of Ipoh is not in Malaysia.,0
The city of Ipoh is not in Brazil.,1
The city of Kuantan is not in Malaysia.,0
The city of Kuantan is not in India.,1
The city of Maiduguri is not in Nigeria.,0
The city of Maiduguri is not in China.,1
The city of Yangon is not in Myanmar.,0
The city of Yangon is not in Kenya.,1
The city of Kathmandu is not in Nepal.,0
The city of Kathmandu is not in China.,1
The city of Las Pinas is not in the Philippines.,0
The city of Las Pinas is not in Yemen.,1
The city of Reynosa is not in Mexico.,0
The city of Reynosa is not in China.,1
The city of Rostov-na-Donu is not in Russia.,0
The city of Rostov-na-Donu is not in the United Arab Emirates.,1
The city of Ibague is not in Colombia.,0
The city of Ibague is not in Finland.,1
The city of Copenhagen is not in Denmark.,0
The city of Copenhagen is not in China.,1
The city of Xinyang is not in China.,0
The city of Xinyang is not in Japan.,1
The city of Weinan is not in China.,0
The city of Weinan is not in Colombia.,1
The city of Wanning is not in China.,0
The city of Wanning is not in the United States.,1
The city of Shijiazhuang is not in China.,0
The city of Shijiazhuang is not in Uzbekistan.,1
The city of Laiwu is not in China.,0
The city of Laiwu is not in the United States.,1
The city of Hengyang is not in China.,0
The city of Hengyang is not in Turkey.,1
The city of Changchun is not in China.,0
The city of Changchun is not in Germany.,1
The city of Varanasi is not in India.,0
The city of Varanasi is not in Turkey.,1
The city of Puducherry is not in India.,0
The city of Puducherry is not in Brazil.,1
The city of Bhopal is not in India.,0
The city of Bhopal is not in Russia.,1
The city of Kanayannur is not in India.,0
The city of Kanayannur is not in Saudi Arabia.,1
The city of Kirkuk is not in Iraq.,0
The city of Kirkuk is not in China.,1
The city of Al Mawsil al Jadidah is not in Iraq.,0
The city of Al Mawsil al Jadidah is not in India.,1
The city of Tangerang is not in Indonesia.,0
The city of Tangerang is not in China.,1
