idx,statement,conjunctA,conjunctB,labelA,labelB,compound_label,n_parts
0,It is the case both that the raccoon is a mammal and that the bison is a mammal.,raccoon / mammal,bison / mammal,1,1,1,2
1,It is the case both that the chimpanzee is a mammal and that the lion is a mammal.,chimpanzee / mammal,lion / mammal,1,1,1,2
2,It is the case both that the ostrich is a bird and that the crocodile is a mammal.,ostrich / bird,crocodile / mammal,1,0,0,2
3,It is the case both that the cassowary is a bird and that the axolotl is a amphibian.,cassowary / bird,axolotl / amphibian,1,1,1,2
4,It is the case both that the rhinoceros is a reptile and that the wolverine is a bird.,rhinoceros / reptile,wolverine / bird,0,0,0,2
5,It is the case both that the elephant is a mammal and that the salmon is a reptile.,elephant / mammal,salmon / reptile,1,0,0,2
6,It is the case both that the skunk is a reptile and that the frog is a bird.,skunk / reptile,frog / bird,0,0,0,2
7,It is the case both that the leopard is a mammal and that the bee is a insect.,leopard / mammal,bee / insect,1,1,1,2
8,It is the case both that the wolverine is a mammal and that the porcupine is a mammal.,wolverine / mammal,porcupine / mammal,1,1,1,2
9,It is the case both that the deer is a mammal and that the leopard is a mammal.,deer / mammal,leopard / mammal,1,1,1,2
10,It is the case both that the rat is a mammal and that the hippopotamus is a mammal.,rat / mammal,hippopotamus / mammal,1,1,1,2
11,It is the case both that the giraffe is a mammal and that the crocodile is a reptile.,giraffe / mammal,crocodile / reptile,1,1,1,2
12,It is the case both that the seagull is a bird and that the sea turtle is a fish.,seagull / bird,sea turtle / fish,1,0,0,2
13,It is the case both that the jellyfish is a cnidarian and that the koala is a mammal.,jellyfish / cnidarian,koala / mammal,1,1,1,2
14,It is the case both that the octopus is a mollusk and that the bison is a mammal.,octopus / mollusk,bison / mammal,1,1,1,2
15,It is the case both that the chimpanzee is a mammal and that the crocodile is a reptile.,chimpanzee / mammal,crocodile / reptile,1,1,1,2
16,It is the case both that the elephant is a mammal and that the hippopotamus is a mammal.,elephant / mammal,hippopotamus / mammal,1,1,1,2
17,It is the case both that the koala is a mammal and that the bat is a bird.,koala / mammal,bat / bird,1,0,0,2
18,It is the case both that the sparrow is a bird and that the snake is a fish.,sparrow / bird,snake / fish,1,0,0,2
19,It is the case both that the mongoose is a mammal and that the bee is a insect.,mongoose / mammal,bee / insect,1,1,1,2
20,It is the case both that the hippopotamus is a mammal and that the hyena is a bird.,hippopotamus / mammal,hyena / bird,1,0,0,2
21,It is the case both that the parrot is a mammal and that the cow is a mammal.,parrot / mammal,cow / mammal,0,1,0,2
22,It is the case both that the salmon is a fish and that the hamster is a mammal.,salmon / fish,hamster / mammal,1,1,1,2
23,It is the case both that the wolverine is a mammal and that the penguin is a bird.,wolverine / mammal,penguin / bird,1,1,1,2
24,It is the case both that the giraffe is a crustacean and that the tuna is a mammal.,giraffe / crustacean,tuna / mammal,0,0,0,2
25,It is the case both that the whale is a fish and that the axolotl is a reptile.,whale / fish,axolotl / reptile,0,0,0,2
26,It is the case both that the octopus is a mollusk and that the camel is a mammal.,octopus / mollusk,camel / mammal,1,1,1,2
27,It is the case both that the pigeon is a bird and that the octopus is a fish.,pigeon / bird,octopus / fish,1,0,0,2
28,It is the case both that the armadillo is a mammal and that the axolotl is a reptile.,armadillo / mammal,axolotl / reptile,1,0,0,2
29,It is the case both that the shark is a fish and that the giraffe is a crustacean.,shark / fish,giraffe / crustacean,1,0,0,2
30,It is the case both that the bison is a mammal and that the jellyfish is a cnidarian.,bison / mammal,jellyfish / cnidarian,1,1,1,2
31,It is the case both that the rat is a mammal and that the dolphin is a crustacean.,rat / mammal,dolphin / crustacean,1,0,0,2
32,It is the case both that the chimpanzee is a fish and that the otter is a mammal.,chimpanzee / fish,otter / mammal,0,1,0,2
33,It is the case both that the shark is a fish and that the pigeon is a bird.,shark / fish,pigeon / bird,1,1,1,2
34,It is the case both that the hedgehog is a bird and that the chimpanzee is a fish.,hedgehog / bird,chimpanzee / fish,0,0,0,2
35,It is the case both that the peacock is a bird and that the giant anteater is a fish.,peacock / bird,giant anteater / fish,1,0,0,2
36,It is the case both that the raccoon is a mammal and that the skunk is a reptile.,raccoon / mammal,skunk / reptile,1,0,0,2
37,It is the case both that the whale is a mammal and that the bison is a mammal.,whale / mammal,bison / mammal,1,1,1,2
38,It is the case both that the chimpanzee is a mammal and that the walrus is a mammal.,chimpanzee / mammal,walrus / mammal,1,1,1,2
39,It is the case both that the salmon is a reptile and that the slug is a mollusk.,salmon / reptile,slug / mollusk,0,1,0,2
40,It is the case both that the dog is a mammal and that the iguana is a reptile.,dog / mammal,iguana / reptile,1,1,1,2
41,It is the case both that the seahorse is a fish and that the vulture is a bird.,seahorse / fish,vulture / bird,1,1,1,2
42,It is the case both that the sparrow is a bird and that the jellyfish is a cnidarian.,sparrow / bird,jellyfish / cnidarian,1,1,1,2
43,It is the case both that the bee is a bird and that the bee is a bird.,bee / bird,bee / bird,0,0,0,2
44,It is the case both that the eagle is a bird and that the chicken is a bird.,eagle / bird,chicken / bird,1,1,1,2
45,It is the case both that the axolotl is a amphibian and that the rabbit is a bird.,axolotl / amphibian,rabbit / bird,1,0,0,2
46,It is the case both that the pigeon is a bird and that the giraffe is a crustacean.,pigeon / bird,giraffe / crustacean,1,0,0,2
47,It is the case both that the swan is a bird and that the platypus is a mammal.,swan / bird,platypus / mammal,1,1,1,2
48,It is the case both that the kangaroo is a mammal and that the platypus is a bird.,kangaroo / mammal,platypus / bird,1,0,0,2
49,It is the case both that the wolverine is a mammal and that the ostrich is a fish.,wolverine / mammal,ostrich / fish,1,0,0,2
50,It is the case both that the horse is a mammal and that the rhinoceros is a mammal.,horse / mammal,rhinoceros / mammal,1,1,1,2
51,It is the case both that the beaver is a mammal and that the rabbit is a mammal.,beaver / mammal,rabbit / mammal,1,1,1,2
52,It is the case both that the alpaca is a bird and that the salmon is a fish.,alpaca / bird,salmon / fish,0,1,0,2
53,It is the case both that the leopard is a bird and that the walrus is a mammal.,leopard / bird,walrus / mammal,0,1,0,2
54,It is the case both that the gazelle is a mollusk and that the swan is a bird.,gazelle / mollusk,swan / bird,0,1,0,2
55,It is the case both that the giraffe is a crustacean and that the seahorse is a mammal.,giraffe / crustacean,seahorse / mammal,0,0,0,2
56,It is the case both that the porcupine is a bird and that the peacock is a bird.,porcupine / bird,peacock / bird,0,1,0,2
57,It is the case both that the peacock is a mammal and that the hedgehog is a bird.,peacock / mammal,hedgehog / bird,0,0,0,2
58,It is the case both that the panda is a mammal and that the tapir is a bird.,panda / mammal,tapir / bird,1,0,0,2
59,It is the case both that the eagle is a bird and that the otter is a mammal.,eagle / bird,otter / mammal,1,1,1,2
60,It is the case both that the porcupine is a mammal and that the platypus is a bird.,porcupine / mammal,platypus / bird,1,0,0,2
61,It is the case both that the bee is a bird and that the polar bear is a fish.,bee / bird,polar bear / fish,0,0,0,2
62,It is the case both that the tiger is a mammal and that the iguana is a bird.,tiger / mammal,iguana / bird,1,0,0,2
63,It is the case both that the skunk is a reptile and that the rat is a mammal.,skunk / reptile,rat / mammal,0,1,0,2
64,It is the case both that the vulture is a bird and that the rat is a mammal.,vulture / bird,rat / mammal,1,1,1,2
65,It is the case both that the vulture is a bird and that the cat is a mammal.,vulture / bird,cat / mammal,1,1,1,2
66,It is the case both that the iguana is a bird and that the vulture is a fish.,iguana / bird,vulture / fish,0,0,0,2
67,It is the case both that the lobster is a mammal and that the raccoon is a mammal.,lobster / mammal,raccoon / mammal,0,1,0,2
68,It is the case both that the chicken is a bird and that the zebra is a mammal.,chicken / bird,zebra / mammal,1,1,1,2
69,It is the case both that the whale is a mammal and that the tuna is a fish.,whale / mammal,tuna / fish,1,1,1,2
70,It is the case both that the bat is a mammal and that the goat is a mammal.,bat / mammal,goat / mammal,1,1,1,2
71,It is the case both that the eagle is a bird and that the cow is a mammal.,eagle / bird,cow / mammal,1,1,1,2
72,It is the case both that the crocodile is a mammal and that the panda is a mammal.,crocodile / mammal,panda / mammal,0,1,0,2
73,It is the case both that the gazelle is a mammal and that the parrot is a mammal.,gazelle / mammal,parrot / mammal,1,0,0,2
74,It is the case both that the rat is a bird and that the cat is a bird.,rat / bird,cat / bird,0,0,0,2
75,It is the case both that the cow is a mammal and that the slug is a mollusk.,cow / mammal,slug / mollusk,1,1,1,2
76,It is the case both that the zebra is a fish and that the koala is a mammal.,zebra / fish,koala / mammal,0,1,0,2
77,It is the case both that the alpaca is a mammal and that the gecko is a reptile.,alpaca / mammal,gecko / reptile,1,1,1,2
78,It is the case both that the deer is a mammal and that the hamster is a mammal.,deer / mammal,hamster / mammal,1,1,1,2
79,It is the case both that the raccoon is a mammal and that the horse is a mammal.,raccoon / mammal,horse / mammal,1,1,1,2
80,It is the case both that the skunk is a mammal and that the sparrow is a bird.,skunk / mammal,sparrow / bird,1,1,1,2
81,It is the case both that the bat is a mammal and that the hyena is a mammal.,bat / mammal,hyena / mammal,1,1,1,2
82,It is the case both that the bat is a bird and that the peacock is a mammal.,bat / bird,peacock / mammal,0,0,0,2
83,It is the case both that the lion is a mammal and that the alpaca is a mammal.,lion / mammal,alpaca / mammal,1,1,1,2
84,It is the case both that the rabbit is a bird and that the sparrow is a bird.,rabbit / bird,sparrow / bird,0,1,0,2
85,It is the case both that the chimpanzee is a mammal and that the rabbit is a mammal.,chimpanzee / mammal,rabbit / mammal,1,1,1,2
86,It is the case both that the goldfish is a fish and that the chicken is a bird.,goldfish / fish,chicken / bird,1,1,1,2
87,It is the case both that the shark is a fish and that the tuna is a fish.,shark / fish,tuna / fish,1,1,1,2
88,It is the case both that the wolverine is a mammal and that the chimpanzee is a mammal.,wolverine / mammal,chimpanzee / mammal,1,1,1,2
89,It is the case both that the bee is a insect and that the axolotl is a amphibian.,bee / insect,axolotl / amphibian,1,1,1,2
90,It is the case both that the rat is a bird and that the cheetah is a mammal.,rat / bird,cheetah / mammal,0,1,0,2
91,It is the case both that the lion is a bird and that the hamster is a mammal.,lion / bird,hamster / mammal,0,1,0,2
92,It is the case both that the bee is a insect and that the goldfish is a mammal.,bee / insect,goldfish / mammal,1,0,0,2
93,It is the case both that the seahorse is a fish and that the rat is a bird.,seahorse / fish,rat / bird,1,0,0,2
94,It is the case both that the hamster is a mammal and that the hippopotamus is a reptile.,hamster / mammal,hippopotamus / reptile,1,0,0,2
95,It is the case both that the dog is a mammal and that the tuna is a mammal.,dog / mammal,tuna / mammal,1,0,0,2
96,It is the case both that the goldfish is a fish and that the skunk is a reptile.,goldfish / fish,skunk / reptile,1,0,0,2
97,It is the case both that the sea turtle is a fish and that the ostrich is a bird.,sea turtle / fish,ostrich / bird,0,1,0,2
98,It is the case both that the giraffe is a crustacean and that the sparrow is a mammal.,giraffe / crustacean,sparrow / mammal,0,0,0,2
99,It is the case both that the cow is a bird and that the leopard is a mammal.,cow / bird,leopard / mammal,0,1,0,2
100,It is the case both that the swan is a bird and that the deer is a bird.,swan / bird,deer / bird,1,0,0,2
101,It is the case both that the seahorse is a fish and that the crocodile is a reptile.,seahorse / fish,crocodile / reptile,1,1,1,2
102,It is the case both that the chimpanzee is a mammal and that the rat is a bird.,chimpanzee / mammal,rat / bird,1,0,0,2
103,It is the case both that the rabbit is a bird and that the bat is a mammal.,rabbit / bird,bat / mammal,0,1,0,2
104,It is the case both that the squirrel is a bird and that the goat is a bird.,squirrel / bird,goat / bird,0,0,0,2
105,It is the case both that the rat is a mammal and that the mongoose is a bird.,rat / mammal,mongoose / bird,1,0,0,2
106,It is the case both that the mongoose is a mammal and that the penguin is a bird.,mongoose / mammal,penguin / bird,1,1,1,2
107,It is the case both that the seahorse is a fish and that the gorilla is a mammal.,seahorse / fish,gorilla / mammal,1,1,1,2
108,It is the case both that the alpaca is a bird and that the whale is a mammal.,alpaca / bird,whale / mammal,0,1,0,2
109,It is the case both that the kangaroo is a mammal and that the hyena is a mammal.,kangaroo / mammal,hyena / mammal,1,1,1,2
110,It is the case both that the dolphin is a mammal and that the tiger is a mammal.,dolphin / mammal,tiger / mammal,1,1,1,2
111,It is the case both that the goat is a mammal and that the panda is a mammal.,goat / mammal,panda / mammal,1,1,1,2
112,It is the case both that the crocodile is a mammal and that the jellyfish is a cnidarian.,crocodile / mammal,jellyfish / cnidarian,0,1,0,2
113,It is the case both that the hippopotamus is a reptile and that the horse is a mammal.,hippopotamus / reptile,horse / mammal,0,1,0,2
114,It is the case both that the cheetah is a mammal and that the flamingo is a bird.,cheetah / mammal,flamingo / bird,1,1,1,2
115,It is the case both that the cheetah is a mammal and that the rat is a bird.,cheetah / mammal,rat / bird,1,0,0,2
116,It is the case both that the swan is a bird and that the polar bear is a fish.,swan / bird,polar bear / fish,1,0,0,2
117,It is the case both that the goat is a bird and that the moose is a mammal.,goat / bird,moose / mammal,0,1,0,2
118,It is the case both that the armadillo is a reptile and that the camel is a mammal.,armadillo / reptile,camel / mammal,0,1,0,2
119,It is the case both that the tiger is a mammal and that the mongoose is a bird.,tiger / mammal,mongoose / bird,1,0,0,2
120,It is the case both that the porcupine is a mammal and that the eagle is a bird.,porcupine / mammal,eagle / bird,1,1,1,2
121,It is the case both that the parrot is a mammal and that the walrus is a mammal.,parrot / mammal,walrus / mammal,0,1,0,2
122,It is the case both that the peacock is a mammal and that the crocodile is a mammal.,peacock / mammal,crocodile / mammal,0,0,0,2
123,It is the case both that the zebra is a mammal and that the giraffe is a mammal.,zebra / mammal,giraffe / mammal,1,1,1,2
124,It is the case both that the slug is a mollusk and that the jellyfish is a cnidarian.,slug / mollusk,jellyfish / cnidarian,1,1,1,2
125,It is the case both that the tuna is a fish and that the axolotl is a amphibian.,tuna / fish,axolotl / amphibian,1,1,1,2
126,It is the case both that the llama is a mammal and that the snake is a fish.,llama / mammal,snake / fish,1,0,0,2
127,It is the case both that the seahorse is a fish and that the shark is a fish.,seahorse / fish,shark / fish,1,1,1,2
128,It is the case both that the hummingbird is a bird and that the koala is a mammal.,hummingbird / bird,koala / mammal,1,1,1,2
129,It is the case both that the horse is a mollusk and that the tapir is a mammal.,horse / mollusk,tapir / mammal,0,1,0,2
130,It is the case both that the platypus is a mammal and that the hippopotamus is a mammal.,platypus / mammal,hippopotamus / mammal,1,1,1,2
131,It is the case both that the slug is a mollusk and that the lion is a mammal.,slug / mollusk,lion / mammal,1,1,1,2
132,It is the case both that the tortoise is a cnidarian and that the jellyfish is a mammal.,tortoise / cnidarian,jellyfish / mammal,0,0,0,2
133,It is the case both that the leopard is a mammal and that the tortoise is a cnidarian.,leopard / mammal,tortoise / cnidarian,1,0,0,2
134,It is the case both that the cat is a mammal and that the cow is a mammal.,cat / mammal,cow / mammal,1,1,1,2
135,It is the case both that the rhinoceros is a mammal and that the elephant is a mammal.,rhinoceros / mammal,elephant / mammal,1,1,1,2
136,It is the case both that the gecko is a reptile and that the ostrich is a bird.,gecko / reptile,ostrich / bird,1,1,1,2
137,It is the case both that the walrus is a mammal and that the llama is a mammal.,walrus / mammal,llama / mammal,1,1,1,2
138,It is the case both that the goldfish is a fish and that the slug is a mammal.,goldfish / fish,slug / mammal,1,0,0,2
139,It is the case both that the rat is a mammal and that the iguana is a bird.,rat / mammal,iguana / bird,1,0,0,2
140,It is the case both that the slug is a mollusk and that the zebra is a mammal.,slug / mollusk,zebra / mammal,1,1,1,2
141,It is the case both that the dolphin is a mammal and that the hyena is a mammal.,dolphin / mammal,hyena / mammal,1,1,1,2
142,It is the case both that the manta ray is a mammal and that the bat is a bird.,manta ray / mammal,bat / bird,0,0,0,2
143,It is the case both that the wolverine is a mammal and that the swan is a reptile.,wolverine / mammal,swan / reptile,1,0,0,2
144,It is the case both that the gorilla is a amphibian and that the alpaca is a bird.,gorilla / amphibian,alpaca / bird,0,0,0,2
145,It is the case both that the crocodile is a reptile and that the tortoise is a reptile.,crocodile / reptile,tortoise / reptile,1,1,1,2
146,It is the case both that the giraffe is a mammal and that the otter is a mammal.,giraffe / mammal,otter / mammal,1,1,1,2
147,It is the case both that the bison is a amphibian and that the sea turtle is a fish.,bison / amphibian,sea turtle / fish,0,0,0,2
148,It is the case both that the eagle is a bird and that the tapir is a bird.,eagle / bird,tapir / bird,1,0,0,2
149,It is the case both that the tarantula is a insect and that the mongoose is a mammal.,tarantula / insect,mongoose / mammal,0,1,0,2
150,It is the case both that the narwhal is a mammal and that the porcupine is a mammal.,narwhal / mammal,porcupine / mammal,1,1,1,2
151,It is the case both that the alpaca is a mammal and that the flamingo is a bird.,alpaca / mammal,flamingo / bird,1,1,1,2
152,It is the case both that the whale is a mammal and that the alpaca is a mammal.,whale / mammal,alpaca / mammal,1,1,1,2
153,It is the case both that the octopus is a mollusk and that the otter is a mammal.,octopus / mollusk,otter / mammal,1,1,1,2
154,It is the case both that the frog is a bird and that the walrus is a mollusk.,frog / bird,walrus / mollusk,0,0,0,2
155,It is the case both that the goldfish is a fish and that the chicken is a bird.,goldfish / fish,chicken / bird,1,1,1,2
156,It is the case both that the aardvark is a mammal and that the kangaroo is a mammal.,aardvark / mammal,kangaroo / mammal,1,1,1,2
157,It is the case both that the porcupine is a bird and that the eagle is a mammal.,porcupine / bird,eagle / mammal,0,0,0,2
158,It is the case both that the chicken is a bird and that the goat is a bird.,chicken / bird,goat / bird,1,0,0,2
159,It is the case both that the tiger is a mammal and that the cheetah is a mammal.,tiger / mammal,cheetah / mammal,1,1,1,2
160,It is the case both that the narwhal is a bird and that the raccoon is a mammal.,narwhal / bird,raccoon / mammal,0,1,0,2
161,It is the case both that the bat is a mammal and that the leopard is a mammal.,bat / mammal,leopard / mammal,1,1,1,2
162,It is the case both that the seagull is a bird and that the giant anteater is a fish.,seagull / bird,giant anteater / fish,1,0,0,2
163,It is the case both that the tarantula is a insect and that the hummingbird is a bird.,tarantula / insect,hummingbird / bird,0,1,0,2
164,It is the case both that the aardvark is a fish and that the raccoon is a mammal.,aardvark / fish,raccoon / mammal,0,1,0,2
165,It is the case both that the hamster is a mammal and that the vulture is a bird.,hamster / mammal,vulture / bird,1,1,1,2
166,It is the case both that the beaver is a mammal and that the shark is a mammal.,beaver / mammal,shark / mammal,1,0,0,2
167,It is the case both that the iguana is a bird and that the seahorse is a fish.,iguana / bird,seahorse / fish,0,1,0,2
168,It is the case both that the squirrel is a bird and that the snake is a reptile.,squirrel / bird,snake / reptile,0,1,0,2
169,It is the case both that the cassowary is a mammal and that the jellyfish is a mammal.,cassowary / mammal,jellyfish / mammal,0,0,0,2
170,It is the case both that the porcupine is a mammal and that the vulture is a bird.,porcupine / mammal,vulture / bird,1,1,1,2
171,It is the case both that the mongoose is a bird and that the mongoose is a bird.,mongoose / bird,mongoose / bird,0,0,0,2
172,It is the case both that the salmon is a fish and that the cat is a mammal.,salmon / fish,cat / mammal,1,1,1,2
173,It is the case both that the tarantula is a insect and that the giraffe is a crustacean.,tarantula / insect,giraffe / crustacean,0,0,0,2
174,It is the case both that the wolverine is a bird and that the rat is a mammal.,wolverine / bird,rat / mammal,0,1,0,2
175,It is the case both that the hamster is a mammal and that the seagull is a bird.,hamster / mammal,seagull / bird,1,1,1,2
176,It is the case both that the swan is a bird and that the hyena is a bird.,swan / bird,hyena / bird,1,0,0,2
177,It is the case both that the raccoon is a mammal and that the moose is a mammal.,raccoon / mammal,moose / mammal,1,1,1,2
178,It is the case both that the mongoose is a mammal and that the kangaroo is a mammal.,mongoose / mammal,kangaroo / mammal,1,1,1,2
179,It is the case both that the crocodile is a reptile and that the koala is a mammal.,crocodile / reptile,koala / mammal,1,1,1,2
180,It is the case both that the camel is a mammal and that the wolverine is a mammal.,camel / mammal,wolverine / mammal,1,1,1,2
181,It is the case both that the rat is a mammal and that the tarantula is a insect.,rat / mammal,tarantula / insect,1,0,0,2
182,It is the case both that the tapir is a mammal and that the cow is a mammal.,tapir / mammal,cow / mammal,1,1,1,2
183,It is the case both that the eagle is a mammal and that the tortoise is a cnidarian.,eagle / mammal,tortoise / cnidarian,0,0,0,2
184,It is the case both that the crocodile is a mammal and that the squirrel is a bird.,crocodile / mammal,squirrel / bird,0,0,0,2
185,It is the case both that the hamster is a fish and that the narwhal is a bird.,hamster / fish,narwhal / bird,0,0,0,2
186,It is the case both that the snake is a reptile and that the cat is a bird.,snake / reptile,cat / bird,1,0,0,2
187,It is the case both that the armadillo is a mammal and that the seahorse is a mammal.,armadillo / mammal,seahorse / mammal,1,0,0,2
188,It is the case both that the giraffe is a mammal and that the peacock is a bird.,giraffe / mammal,peacock / bird,1,1,1,2
189,It is the case both that the kangaroo is a crustacean and that the walrus is a mollusk.,kangaroo / crustacean,walrus / mollusk,0,0,0,2
190,It is the case both that the parrot is a bird and that the panda is a mammal.,parrot / bird,panda / mammal,1,1,1,2
191,It is the case both that the hippopotamus is a mammal and that the cow is a mammal.,hippopotamus / mammal,cow / mammal,1,1,1,2
192,It is the case both that the goldfish is a mammal and that the bison is a mammal.,goldfish / mammal,bison / mammal,0,1,0,2
193,It is the case both that the sparrow is a bird and that the rhinoceros is a mammal.,sparrow / bird,rhinoceros / mammal,1,1,1,2
194,It is the case both that the rhinoceros is a mammal and that the seahorse is a fish.,rhinoceros / mammal,seahorse / fish,1,1,1,2
195,It is the case both that the pigeon is a bird and that the elephant is a mammal.,pigeon / bird,elephant / mammal,1,1,1,2
196,It is the case both that the koala is a mammal and that the koala is a fish.,koala / mammal,koala / fish,1,0,0,2
197,It is the case both that the pigeon is a mammal and that the elephant is a bird.,pigeon / mammal,elephant / bird,0,0,0,2
198,It is the case both that the cassowary is a bird and that the gecko is a crustacean.,cassowary / bird,gecko / crustacean,1,0,0,2
199,It is the case both that the hippopotamus is a mammal and that the panda is a mammal.,hippopotamus / mammal,panda / mammal,1,1,1,2
200,It is the case both that the wolverine is a mammal and that the salmon is a fish.,wolverine / mammal,salmon / fish,1,1,1,2
201,It is the case both that the gazelle is a mammal and that the slug is a mollusk.,gazelle / mammal,slug / mollusk,1,1,1,2
202,It is the case both that the otter is a fish and that the wolverine is a bird.,otter / fish,wolverine / bird,0,0,0,2
203,It is the case both that the mongoose is a mammal and that the otter is a fish.,mongoose / mammal,otter / fish,1,0,0,2
204,It is the case both that the porcupine is a mammal and that the alpaca is a bird.,porcupine / mammal,alpaca / bird,1,0,0,2
205,It is the case both that the mongoose is a mammal and that the hyena is a mammal.,mongoose / mammal,hyena / mammal,1,1,1,2
206,It is the case both that the parrot is a mammal and that the salmon is a fish.,parrot / mammal,salmon / fish,0,1,0,2
207,It is the case both that the zebra is a fish and that the otter is a mammal.,zebra / fish,otter / mammal,0,1,0,2
208,It is the case both that the manta ray is a mammal and that the swan is a bird.,manta ray / mammal,swan / bird,0,1,0,2
209,It is the case both that the vulture is a fish and that the narwhal is a mammal.,vulture / fish,narwhal / mammal,0,1,0,2
210,It is the case both that the flamingo is a bird and that the wolverine is a bird.,flamingo / bird,wolverine / bird,1,0,0,2
211,It is the case both that the skunk is a mammal and that the sparrow is a bird.,skunk / mammal,sparrow / bird,1,1,1,2
212,It is the case both that the porcupine is a mammal and that the shark is a fish.,porcupine / mammal,shark / fish,1,1,1,2
213,It is the case both that the jellyfish is a cnidarian and that the tuna is a mammal.,jellyfish / cnidarian,tuna / mammal,1,0,0,2
214,It is the case both that the hyena is a mammal and that the hyena is a mammal.,hyena / mammal,hyena / mammal,1,1,1,2
215,It is the case both that the penguin is a bird and that the beaver is a mammal.,penguin / bird,beaver / mammal,1,1,1,2
216,It is the case both that the skunk is a mammal and that the beaver is a mammal.,skunk / mammal,beaver / mammal,1,1,1,2
217,It is the case both that the cow is a mammal and that the hedgehog is a mammal.,cow / mammal,hedgehog / mammal,1,1,1,2
218,It is the case both that the gecko is a reptile and that the koala is a mammal.,gecko / reptile,koala / mammal,1,1,1,2
219,It is the case both that the dog is a bird and that the pigeon is a mammal.,dog / bird,pigeon / mammal,0,0,0,2
220,It is the case both that the panda is a bird and that the elephant is a bird.,panda / bird,elephant / bird,0,0,0,2
221,It is the case both that the tortoise is a cnidarian and that the rabbit is a mammal.,tortoise / cnidarian,rabbit / mammal,0,1,0,2
222,It is the case both that the porcupine is a mammal and that the rat is a mammal.,porcupine / mammal,rat / mammal,1,1,1,2
223,It is the case both that the narwhal is a mammal and that the leopard is a mammal.,narwhal / mammal,leopard / mammal,1,1,1,2
224,It is the case both that the cow is a mammal and that the elephant is a mammal.,cow / mammal,elephant / mammal,1,1,1,2
225,It is the case both that the goat is a mammal and that the shark is a mammal.,goat / mammal,shark / mammal,1,0,0,2
226,It is the case both that the rhinoceros is a mammal and that the polar bear is a fish.,rhinoceros / mammal,polar bear / fish,1,0,0,2
227,It is the case both that the lobster is a crustacean and that the tapir is a mammal.,lobster / crustacean,tapir / mammal,1,1,1,2
228,It is the case both that the pigeon is a bird and that the ostrich is a fish.,pigeon / bird,ostrich / fish,1,0,0,2
229,It is the case both that the iguana is a reptile and that the hippopotamus is a mammal.,iguana / reptile,hippopotamus / mammal,1,1,1,2
230,It is the case both that the gorilla is a mammal and that the hamster is a mammal.,gorilla / mammal,hamster / mammal,1,1,1,2
231,It is the case both that the hummingbird is a bird and that the axolotl is a reptile.,hummingbird / bird,axolotl / reptile,1,0,0,2
232,It is the case both that the shark is a fish and that the koala is a mammal.,shark / fish,koala / mammal,1,1,1,2
233,It is the case both that the aardvark is a mammal and that the whale is a mammal.,aardvark / mammal,whale / mammal,1,1,1,2
234,It is the case both that the penguin is a bird and that the ostrich is a bird.,penguin / bird,ostrich / bird,1,1,1,2
235,It is the case both that the bat is a mammal and that the wolverine is a bird.,bat / mammal,wolverine / bird,1,0,0,2
236,It is the case both that the swan is a bird and that the cow is a bird.,swan / bird,cow / bird,1,0,0,2
237,It is the case both that the hyena is a mammal and that the crocodile is a reptile.,hyena / mammal,crocodile / reptile,1,1,1,2
238,It is the case both that the peacock is a mammal and that the slug is a mollusk.,peacock / mammal,slug / mollusk,0,1,0,2
239,It is the case both that the tortoise is a reptile and that the gazelle is a mammal.,tortoise / reptile,gazelle / mammal,1,1,1,2
240,It is the case both that the hedgehog is a mammal and that the whale is a fish.,hedgehog / mammal,whale / fish,1,0,0,2
241,It is the case both that the slug is a mollusk and that the giraffe is a mammal.,slug / mollusk,giraffe / mammal,1,1,1,2
242,It is the case both that the giraffe is a mammal and that the tapir is a mammal.,giraffe / mammal,tapir / mammal,1,1,1,2
243,It is the case both that the tiger is a mammal and that the aardvark is a mammal.,tiger / mammal,aardvark / mammal,1,1,1,2
244,It is the case both that the gorilla is a mammal and that the hamster is a fish.,gorilla / mammal,hamster / fish,1,0,0,2
245,It is the case both that the beaver is a bird and that the beaver is a mammal.,beaver / bird,beaver / mammal,0,1,0,2
246,It is the case both that the salmon is a fish and that the shark is a fish.,salmon / fish,shark / fish,1,1,1,2
247,It is the case both that the parrot is a bird and that the walrus is a mammal.,parrot / bird,walrus / mammal,1,1,1,2
248,It is the case both that the cat is a mammal and that the dog is a bird.,cat / mammal,dog / bird,1,0,0,2
249,It is the case both that the seagull is a bird and that the gorilla is a mammal.,seagull / bird,gorilla / mammal,1,1,1,2
250,It is the case both that the goat is a mammal and that the flamingo is a mammal.,goat / mammal,flamingo / mammal,1,0,0,2
251,It is the case both that the hummingbird is a bird and that the chimpanzee is a fish.,hummingbird / bird,chimpanzee / fish,1,0,0,2
252,It is the case both that the bat is a bird and that the cat is a mammal.,bat / bird,cat / mammal,0,1,0,2
253,It is the case both that the slug is a mammal and that the penguin is a bird.,slug / mammal,penguin / bird,0,1,0,2
254,It is the case both that the mongoose is a mammal and that the hummingbird is a mammal.,mongoose / mammal,hummingbird / mammal,1,0,0,2
255,It is the case both that the pigeon is a bird and that the salmon is a fish.,pigeon / bird,salmon / fish,1,1,1,2
256,It is the case both that the crocodile is a reptile and that the ostrich is a bird.,crocodile / reptile,ostrich / bird,1,1,1,2
257,It is the case both that the hamster is a fish and that the parrot is a mammal.,hamster / fish,parrot / mammal,0,0,0,2
258,It is the case both that the koala is a mammal and that the seagull is a bird.,koala / mammal,seagull / bird,1,1,1,2
259,It is the case both that the chimpanzee is a mammal and that the horse is a mammal.,chimpanzee / mammal,horse / mammal,1,1,1,2
260,It is the case both that the bee is a bird and that the porcupine is a mammal.,bee / bird,porcupine / mammal,0,1,0,2
261,It is the case both that the lion is a mammal and that the skunk is a reptile.,lion / mammal,skunk / reptile,1,0,0,2
262,It is the case both that the giant anteater is a fish and that the frog is a amphibian.,giant anteater / fish,frog / amphibian,0,1,0,2
263,It is the case both that the frog is a amphibian and that the penguin is a mammal.,frog / amphibian,penguin / mammal,1,0,0,2
264,It is the case both that the goldfish is a mammal and that the panda is a mammal.,goldfish / mammal,panda / mammal,0,1,0,2
265,It is the case both that the mongoose is a bird and that the swan is a reptile.,mongoose / bird,swan / reptile,0,0,0,2
266,It is the case both that the porcupine is a mammal and that the crocodile is a reptile.,porcupine / mammal,crocodile / reptile,1,1,1,2
267,It is the case both that the aardvark is a mammal and that the bat is a mammal.,aardvark / mammal,bat / mammal,1,1,1,2
268,It is the case both that the gazelle is a mammal and that the skunk is a mammal.,gazelle / mammal,skunk / mammal,1,1,1,2
269,It is the case both that the lobster is a mammal and that the salmon is a reptile.,lobster / mammal,salmon / reptile,0,0,0,2
270,It is the case both that the koala is a mammal and that the peacock is a bird.,koala / mammal,peacock / bird,1,1,1,2
271,It is the case both that the tortoise is a reptile and that the tortoise is a reptile.,tortoise / reptile,tortoise / reptile,1,1,1,2
272,It is the case both that the gecko is a crustacean and that the giant anteater is a fish.,gecko / crustacean,giant anteater / fish,0,0,0,2
273,It is the case both that the octopus is a fish and that the snake is a reptile.,octopus / fish,snake / reptile,0,1,0,2
274,It is the case both that the cow is a mammal and that the peacock is a mammal.,cow / mammal,peacock / mammal,1,0,0,2
275,It is the case both that the sea turtle is a fish and that the horse is a mammal.,sea turtle / fish,horse / mammal,0,1,0,2
276,It is the case both that the chicken is a bird and that the llama is a bird.,chicken / bird,llama / bird,1,0,0,2
277,It is the case both that the cassowary is a bird and that the alpaca is a bird.,cassowary / bird,alpaca / bird,1,0,0,2
278,It is the case both that the rat is a mammal and that the parrot is a bird.,rat / mammal,parrot / bird,1,1,1,2
279,It is the case both that the peacock is a bird and that the penguin is a bird.,peacock / bird,penguin / bird,1,1,1,2
280,It is the case both that the porcupine is a mammal and that the hippopotamus is a mammal.,porcupine / mammal,hippopotamus / mammal,1,1,1,2
281,It is the case both that the rabbit is a mammal and that the deer is a mammal.,rabbit / mammal,deer / mammal,1,1,1,2
282,It is the case both that the giraffe is a mammal and that the goat is a bird.,giraffe / mammal,goat / bird,1,0,0,2
283,It is the case both that the sparrow is a mammal and that the alpaca is a bird.,sparrow / mammal,alpaca / bird,0,0,0,2
284,It is the case both that the bee is a bird and that the salmon is a fish.,bee / bird,salmon / fish,0,1,0,2
285,It is the case both that the chicken is a bird and that the goat is a mammal.,chicken / bird,goat / mammal,1,1,1,2
286,It is the case both that the bee is a bird and that the tarantula is a arachnid.,bee / bird,tarantula / arachnid,0,1,0,2
287,It is the case both that the tuna is a fish and that the otter is a mammal.,tuna / fish,otter / mammal,1,1,1,2
288,It is the case both that the platypus is a mammal and that the seagull is a bird.,platypus / mammal,seagull / bird,1,1,1,2
289,It is the case both that the frog is a amphibian and that the hamster is a mammal.,frog / amphibian,hamster / mammal,1,1,1,2
290,It is the case both that the skunk is a mammal and that the salmon is a fish.,skunk / mammal,salmon / fish,1,1,1,2
291,It is the case both that the penguin is a bird and that the shark is a fish.,penguin / bird,shark / fish,1,1,1,2
292,It is the case both that the narwhal is a mammal and that the armadillo is a reptile.,narwhal / mammal,armadillo / reptile,1,0,0,2
293,It is the case both that the tarantula is a arachnid and that the hummingbird is a bird.,tarantula / arachnid,hummingbird / bird,1,1,1,2
294,It is the case both that the sparrow is a bird and that the giraffe is a crustacean.,sparrow / bird,giraffe / crustacean,1,0,0,2
295,It is the case both that the crocodile is a reptile and that the cassowary is a bird.,crocodile / reptile,cassowary / bird,1,1,1,2
296,It is the case both that the frog is a bird and that the pigeon is a bird.,frog / bird,pigeon / bird,0,1,0,2
297,It is the case both that the bee is a insect and that the alpaca is a mammal.,bee / insect,alpaca / mammal,1,1,1,2
298,It is the case both that the koala is a mammal and that the narwhal is a bird.,koala / mammal,narwhal / bird,1,0,0,2
299,It is the case both that the bison is a mammal and that the hyena is a mammal.,bison / mammal,hyena / mammal,1,1,1,2
300,It is the case both that the zebra is a mammal and that the crocodile is a reptile.,zebra / mammal,crocodile / reptile,1,1,1,2
301,It is the case both that the shark is a fish and that the alpaca is a mammal.,shark / fish,alpaca / mammal,1,1,1,2
302,It is the case both that the rat is a mammal and that the dolphin is a crustacean.,rat / mammal,dolphin / crustacean,1,0,0,2
303,It is the case both that the lobster is a crustacean and that the koala is a fish.,lobster / crustacean,koala / fish,1,0,0,2
304,It is the case both that the giant anteater is a fish and that the vulture is a bird.,giant anteater / fish,vulture / bird,0,1,0,2
305,It is the case both that the raccoon is a mammal and that the armadillo is a reptile.,raccoon / mammal,armadillo / reptile,1,0,0,2
306,It is the case both that the salmon is a fish and that the bee is a insect.,salmon / fish,bee / insect,1,1,1,2
307,It is the case both that the flamingo is a mammal and that the horse is a mollusk.,flamingo / mammal,horse / mollusk,0,0,0,2
308,It is the case both that the crocodile is a reptile and that the dog is a mammal.,crocodile / reptile,dog / mammal,1,1,1,2
309,It is the case both that the hummingbird is a mammal and that the aardvark is a mammal.,hummingbird / mammal,aardvark / mammal,0,1,0,2
310,It is the case both that the gorilla is a amphibian and that the pigeon is a bird.,gorilla / amphibian,pigeon / bird,0,1,0,2
311,It is the case both that the cassowary is a bird and that the flamingo is a mammal.,cassowary / bird,flamingo / mammal,1,0,0,2
312,It is the case both that the cow is a mammal and that the porcupine is a mammal.,cow / mammal,porcupine / mammal,1,1,1,2
313,It is the case both that the eagle is a bird and that the dog is a mammal.,eagle / bird,dog / mammal,1,1,1,2
314,It is the case both that the cassowary is a bird and that the iguana is a reptile.,cassowary / bird,iguana / reptile,1,1,1,2
315,It is the case both that the tuna is a mammal and that the ostrich is a bird.,tuna / mammal,ostrich / bird,0,1,0,2
316,It is the case both that the walrus is a mollusk and that the swan is a reptile.,walrus / mollusk,swan / reptile,0,0,0,2
317,It is the case both that the gecko is a reptile and that the tapir is a bird.,gecko / reptile,tapir / bird,1,0,0,2
318,It is the case both that the horse is a mammal and that the platypus is a mammal.,horse / mammal,platypus / mammal,1,1,1,2
319,It is the case both that the horse is a mollusk and that the tortoise is a cnidarian.,horse / mollusk,tortoise / cnidarian,0,0,0,2
320,It is the case both that the hyena is a bird and that the deer is a bird.,hyena / bird,deer / bird,0,0,0,2
321,It is the case both that the penguin is a bird and that the hummingbird is a bird.,penguin / bird,hummingbird / bird,1,1,1,2
322,It is the case both that the hummingbird is a bird and that the tortoise is a reptile.,hummingbird / bird,tortoise / reptile,1,1,1,2
323,It is the case both that the cassowary is a bird and that the flamingo is a bird.,cassowary / bird,flamingo / bird,1,1,1,2
324,It is the case both that the cassowary is a bird and that the shark is a fish.,cassowary / bird,shark / fish,1,1,1,2
325,It is the case both that the seagull is a bird and that the porcupine is a mammal.,seagull / bird,porcupine / mammal,1,1,1,2
326,It is the case both that the hippopotamus is a mammal and that the frog is a bird.,hippopotamus / mammal,frog / bird,1,0,0,2
327,It is the case both that the axolotl is a reptile and that the hippopotamus is a reptile.,axolotl / reptile,hippopotamus / reptile,0,0,0,2
328,It is the case both that the hedgehog is a bird and that the goat is a bird.,hedgehog / bird,goat / bird,0,0,0,2
329,It is the case both that the moose is a mammal and that the armadillo is a mammal.,moose / mammal,armadillo / mammal,1,1,1,2
330,It is the case both that the lion is a mammal and that the rhinoceros is a mammal.,lion / mammal,rhinoceros / mammal,1,1,1,2
331,It is the case both that the platypus is a bird and that the shark is a fish.,platypus / bird,shark / fish,0,1,0,2
332,It is the case both that the seahorse is a mammal and that the swan is a bird.,seahorse / mammal,swan / bird,0,1,0,2
333,It is the case both that the hippopotamus is a mammal and that the lion is a bird.,hippopotamus / mammal,lion / bird,1,0,0,2
334,It is the case both that the iguana is a reptile and that the mongoose is a bird.,iguana / reptile,mongoose / bird,1,0,0,2
335,It is the case both that the pigeon is a bird and that the chicken is a bird.,pigeon / bird,chicken / bird,1,1,1,2
336,It is the case both that the gazelle is a mammal and that the shark is a fish.,gazelle / mammal,shark / fish,1,1,1,2
337,It is the case both that the hedgehog is a mammal and that the giraffe is a mammal.,hedgehog / mammal,giraffe / mammal,1,1,1,2
338,It is the case both that the mongoose is a mammal and that the tarantula is a arachnid.,mongoose / mammal,tarantula / arachnid,1,1,1,2
339,It is the case both that the rhinoceros is a mammal and that the goat is a mammal.,rhinoceros / mammal,goat / mammal,1,1,1,2
340,It is the case both that the hummingbird is a mammal and that the porcupine is a mammal.,hummingbird / mammal,porcupine / mammal,0,1,0,2
341,It is the case both that the eagle is a bird and that the tarantula is a arachnid.,eagle / bird,tarantula / arachnid,1,1,1,2
342,It is the case both that the koala is a mammal and that the hyena is a bird.,koala / mammal,hyena / bird,1,0,0,2
343,It is the case both that the penguin is a bird and that the iguana is a reptile.,penguin / bird,iguana / reptile,1,1,1,2
344,It is the case both that the leopard is a bird and that the zebra is a mammal.,leopard / bird,zebra / mammal,0,1,0,2
345,It is the case both that the rhinoceros is a reptile and that the bison is a mammal.,rhinoceros / reptile,bison / mammal,0,1,0,2
346,It is the case both that the pigeon is a mammal and that the camel is a mammal.,pigeon / mammal,camel / mammal,0,1,0,2
347,It is the case both that the cheetah is a mammal and that the kangaroo is a crustacean.,cheetah / mammal,kangaroo / crustacean,1,0,0,2
348,It is the case both that the tapir is a mammal and that the camel is a mammal.,tapir / mammal,camel / mammal,1,1,1,2
349,It is the case both that the mongoose is a mammal and that the whale is a mammal.,mongoose / mammal,whale / mammal,1,1,1,2
350,It is the case both that the beaver is a mammal and that the bat is a mammal.,beaver / mammal,bat / mammal,1,1,1,2
351,It is the case both that the squirrel is a mammal and that the bat is a mammal.,squirrel / mammal,bat / mammal,1,1,1,2
352,It is the case both that the zebra is a mammal and that the hedgehog is a bird.,zebra / mammal,hedgehog / bird,1,0,0,2
353,It is the case both that the bee is a insect and that the walrus is a mammal.,bee / insect,walrus / mammal,1,1,1,2
354,It is the case both that the tarantula is a arachnid and that the panda is a mammal.,tarantula / arachnid,panda / mammal,1,1,1,2
355,It is the case both that the rhinoceros is a reptile and that the raccoon is a mammal.,rhinoceros / reptile,raccoon / mammal,0,1,0,2
356,It is the case both that the wolverine is a mammal and that the skunk is a mammal.,wolverine / mammal,skunk / mammal,1,1,1,2
357,It is the case both that the hummingbird is a bird and that the camel is a mammal.,hummingbird / bird,camel / mammal,1,1,1,2
358,It is the case both that the tiger is a mammal and that the octopus is a fish.,tiger / mammal,octopus / fish,1,0,0,2
359,It is the case both that the giraffe is a mammal and that the cow is a mammal.,giraffe / mammal,cow / mammal,1,1,1,2
360,It is the case both that the whale is a fish and that the leopard is a bird.,whale / fish,leopard / bird,0,0,0,2
361,It is the case both that the deer is a mammal and that the seagull is a bird.,deer / mammal,seagull / bird,1,1,1,2
362,It is the case both that the jellyfish is a cnidarian and that the rat is a bird.,jellyfish / cnidarian,rat / bird,1,0,0,2
363,It is the case both that the gorilla is a amphibian and that the tuna is a fish.,gorilla / amphibian,tuna / fish,0,1,0,2
364,It is the case both that the dog is a mammal and that the salmon is a fish.,dog / mammal,salmon / fish,1,1,1,2
365,It is the case both that the beaver is a mammal and that the bee is a insect.,beaver / mammal,bee / insect,1,1,1,2
366,It is the case both that the seahorse is a fish and that the kangaroo is a mammal.,seahorse / fish,kangaroo / mammal,1,1,1,2
367,It is the case both that the tortoise is a reptile and that the seagull is a mammal.,tortoise / reptile,seagull / mammal,1,0,0,2
368,It is the case both that the salmon is a reptile and that the beaver is a bird.,salmon / reptile,beaver / bird,0,0,0,2
369,It is the case both that the koala is a mammal and that the gazelle is a mammal.,koala / mammal,gazelle / mammal,1,1,1,2
370,It is the case both that the cat is a bird and that the tapir is a mammal.,cat / bird,tapir / mammal,0,1,0,2
371,It is the case both that the shark is a mammal and that the iguana is a bird.,shark / mammal,iguana / bird,0,0,0,2
372,It is the case both that the wolverine is a mammal and that the dog is a mammal.,wolverine / mammal,dog / mammal,1,1,1,2
373,It is the case both that the porcupine is a mammal and that the tiger is a amphibian.,porcupine / mammal,tiger / amphibian,1,0,0,2
374,It is the case both that the tuna is a fish and that the moose is a bird.,tuna / fish,moose / bird,1,0,0,2
375,It is the case both that the seagull is a bird and that the gazelle is a mammal.,seagull / bird,gazelle / mammal,1,1,1,2
376,It is the case both that the cassowary is a bird and that the goldfish is a fish.,cassowary / bird,goldfish / fish,1,1,1,2
377,It is the case both that the octopus is a fish and that the crocodile is a reptile.,octopus / fish,crocodile / reptile,0,1,0,2
378,It is the case both that the horse is a mammal and that the otter is a fish.,horse / mammal,otter / fish,1,0,0,2
379,It is the case both that the octopus is a fish and that the penguin is a bird.,octopus / fish,penguin / bird,0,1,0,2
380,It is the case both that the gorilla is a mammal and that the hippopotamus is a reptile.,gorilla / mammal,hippopotamus / reptile,1,0,0,2
381,It is the case both that the peacock is a mammal and that the vulture is a bird.,peacock / mammal,vulture / bird,0,1,0,2
382,It is the case both that the tortoise is a reptile and that the cassowary is a bird.,tortoise / reptile,cassowary / bird,1,1,1,2
383,It is the case both that the zebra is a fish and that the iguana is a reptile.,zebra / fish,iguana / reptile,0,1,0,2
384,It is the case both that the octopus is a mollusk and that the skunk is a mammal.,octopus / mollusk,skunk / mammal,1,1,1,2
385,It is the case both that the rat is a mammal and that the shark is a mammal.,rat / mammal,shark / mammal,1,0,0,2
386,It is the case both that the slug is a mammal and that the beaver is a bird.,slug / mammal,beaver / bird,0,0,0,2
387,It is the case both that the ostrich is a bird and that the ostrich is a bird.,ostrich / bird,ostrich / bird,1,1,1,2
388,It is the case both that the raccoon is a mammal and that the axolotl is a amphibian.,raccoon / mammal,axolotl / amphibian,1,1,1,2
389,It is the case both that the vulture is a bird and that the hippopotamus is a mammal.,vulture / bird,hippopotamus / mammal,1,1,1,2
390,It is the case both that the rat is a mammal and that the chicken is a bird.,rat / mammal,chicken / bird,1,1,1,2
391,It is the case both that the squirrel is a mammal and that the jellyfish is a cnidarian.,squirrel / mammal,jellyfish / cnidarian,1,1,1,2
392,It is the case both that the tortoise is a cnidarian and that the vulture is a bird.,tortoise / cnidarian,vulture / bird,0,1,0,2
393,It is the case both that the rat is a mammal and that the shark is a fish.,rat / mammal,shark / fish,1,1,1,2
394,It is the case both that the tiger is a amphibian and that the salmon is a fish.,tiger / amphibian,salmon / fish,0,1,0,2
395,It is the case both that the leopard is a mammal and that the bison is a mammal.,leopard / mammal,bison / mammal,1,1,1,2
396,It is the case both that the hippopotamus is a mammal and that the tortoise is a reptile.,hippopotamus / mammal,tortoise / reptile,1,1,1,2
397,It is the case both that the hippopotamus is a mammal and that the koala is a fish.,hippopotamus / mammal,koala / fish,1,0,0,2
398,It is the case both that the rhinoceros is a reptile and that the lobster is a crustacean.,rhinoceros / reptile,lobster / crustacean,0,1,0,2
399,It is the case both that the sea turtle is a fish and that the aardvark is a fish.,sea turtle / fish,aardvark / fish,0,0,0,2
400,It is the case both that the deer is a bird and that the peacock is a bird.,deer / bird,peacock / bird,0,1,0,2
401,It is the case both that the gorilla is a amphibian and that the moose is a mammal.,gorilla / amphibian,moose / mammal,0,1,0,2
402,It is the case both that the tiger is a mammal and that the iguana is a reptile.,tiger / mammal,iguana / reptile,1,1,1,2
403,It is the case both that the otter is a mammal and that the bison is a mammal.,otter / mammal,bison / mammal,1,1,1,2
404,It is the case both that the flamingo is a bird and that the deer is a bird.,flamingo / bird,deer / bird,1,0,0,2
405,It is the case both that the peacock is a mammal and that the sparrow is a bird.,peacock / mammal,sparrow / bird,0,1,0,2
406,It is the case both that the penguin is a mammal and that the raccoon is a mammal.,penguin / mammal,raccoon / mammal,0,1,0,2
407,It is the case both that the salmon is a fish and that the frog is a bird.,salmon / fish,frog / bird,1,0,0,2
408,It is the case both that the rabbit is a mammal and that the platypus is a mammal.,rabbit / mammal,platypus / mammal,1,1,1,2
409,It is the case both that the alpaca is a mammal and that the walrus is a mammal.,alpaca / mammal,walrus / mammal,1,1,1,2
410,It is the case both that the dog is a mammal and that the elephant is a bird.,dog / mammal,elephant / bird,1,0,0,2
411,It is the case both that the seagull is a mammal and that the wolverine is a mammal.,seagull / mammal,wolverine / mammal,0,1,0,2
412,It is the case both that the penguin is a mammal and that the tapir is a mammal.,penguin / mammal,tapir / mammal,0,1,0,2
413,It is the case both that the moose is a mammal and that the leopard is a mammal.,moose / mammal,leopard / mammal,1,1,1,2
414,It is the case both that the giraffe is a crustacean and that the vulture is a fish.,giraffe / crustacean,vulture / fish,0,0,0,2
415,It is the case both that the seahorse is a fish and that the alpaca is a mammal.,seahorse / fish,alpaca / mammal,1,1,1,2
416,It is the case both that the parrot is a mammal and that the bee is a insect.,parrot / mammal,bee / insect,0,1,0,2
417,It is the case both that the goldfish is a fish and that the giant anteater is a fish.,goldfish / fish,giant anteater / fish,1,0,0,2
418,It is the case both that the leopard is a mammal and that the slug is a mammal.,leopard / mammal,slug / mammal,1,0,0,2
419,It is the case both that the panda is a mammal and that the salmon is a fish.,panda / mammal,salmon / fish,1,1,1,2
420,It is the case both that the parrot is a bird and that the flamingo is a bird.,parrot / bird,flamingo / bird,1,1,1,2
421,It is the case both that the gecko is a crustacean and that the hamster is a mammal.,gecko / crustacean,hamster / mammal,0,1,0,2
422,It is the case both that the crocodile is a mammal and that the iguana is a bird.,crocodile / mammal,iguana / bird,0,0,0,2
423,It is the case both that the whale is a mammal and that the hedgehog is a mammal.,whale / mammal,hedgehog / mammal,1,1,1,2
424,It is the case both that the platypus is a mammal and that the parrot is a bird.,platypus / mammal,parrot / bird,1,1,1,2
425,It is the case both that the raccoon is a mammal and that the cheetah is a mammal.,raccoon / mammal,cheetah / mammal,1,1,1,2
426,It is the case both that the eagle is a mammal and that the hyena is a bird.,eagle / mammal,hyena / bird,0,0,0,2
427,It is the case both that the hyena is a mammal and that the tuna is a fish.,hyena / mammal,tuna / fish,1,1,1,2
428,It is the case both that the peacock is a mammal and that the elephant is a mammal.,peacock / mammal,elephant / mammal,0,1,0,2
429,It is the case both that the eagle is a bird and that the squirrel is a bird.,eagle / bird,squirrel / bird,1,0,0,2
430,It is the case both that the eagle is a mammal and that the hedgehog is a bird.,eagle / mammal,hedgehog / bird,0,0,0,2
431,It is the case both that the iguana is a reptile and that the tarantula is a arachnid.,iguana / reptile,tarantula / arachnid,1,1,1,2
432,It is the case both that the panda is a mammal and that the chicken is a bird.,panda / mammal,chicken / bird,1,1,1,2
433,It is the case both that the panda is a bird and that the gorilla is a mammal.,panda / bird,gorilla / mammal,0,1,0,2
434,It is the case both that the seagull is a bird and that the whale is a mammal.,seagull / bird,whale / mammal,1,1,1,2
435,It is the case both that the rhinoceros is a mammal and that the jellyfish is a cnidarian.,rhinoceros / mammal,jellyfish / cnidarian,1,1,1,2
436,It is the case both that the tortoise is a reptile and that the mongoose is a mammal.,tortoise / reptile,mongoose / mammal,1,1,1,2
437,It is the case both that the rhinoceros is a mammal and that the kangaroo is a mammal.,rhinoceros / mammal,kangaroo / mammal,1,1,1,2
438,It is the case both that the hedgehog is a mammal and that the salmon is a fish.,hedgehog / mammal,salmon / fish,1,1,1,2
439,It is the case both that the tapir is a mammal and that the seagull is a bird.,tapir / mammal,seagull / bird,1,1,1,2
440,It is the case both that the chicken is a bird and that the otter is a mammal.,chicken / bird,otter / mammal,1,1,1,2
441,It is the case both that the chicken is a bird and that the bee is a bird.,chicken / bird,bee / bird,1,0,0,2
442,It is the case both that the dog is a mammal and that the alpaca is a mammal.,dog / mammal,alpaca / mammal,1,1,1,2
443,It is the case both that the elephant is a mammal and that the armadillo is a reptile.,elephant / mammal,armadillo / reptile,1,0,0,2
444,It is the case both that the rhinoceros is a reptile and that the tarantula is a insect.,rhinoceros / reptile,tarantula / insect,0,0,0,2
445,It is the case both that the bison is a amphibian and that the cheetah is a insect.,bison / amphibian,cheetah / insect,0,0,0,2
446,It is the case both that the crocodile is a reptile and that the giraffe is a crustacean.,crocodile / reptile,giraffe / crustacean,1,0,0,2
447,It is the case both that the hedgehog is a mammal and that the koala is a mammal.,hedgehog / mammal,koala / mammal,1,1,1,2
448,It is the case both that the rat is a bird and that the goat is a mammal.,rat / bird,goat / mammal,0,1,0,2
449,It is the case both that the rhinoceros is a mammal and that the lobster is a crustacean.,rhinoceros / mammal,lobster / crustacean,1,1,1,2
450,It is the case both that the hippopotamus is a mammal and that the squirrel is a mammal.,hippopotamus / mammal,squirrel / mammal,1,1,1,2
451,It is the case both that the panda is a bird and that the eagle is a mammal.,panda / bird,eagle / mammal,0,0,0,2
452,It is the case both that the peacock is a bird and that the penguin is a bird.,peacock / bird,penguin / bird,1,1,1,2
453,It is the case both that the chimpanzee is a mammal and that the frog is a bird.,chimpanzee / mammal,frog / bird,1,0,0,2
454,It is the case both that the bat is a bird and that the bison is a mammal.,bat / bird,bison / mammal,0,1,0,2
455,It is the case both that the kangaroo is a mammal and that the hedgehog is a mammal.,kangaroo / mammal,hedgehog / mammal,1,1,1,2
456,It is the case both that the armadillo is a reptile and that the snake is a reptile.,armadillo / reptile,snake / reptile,0,1,0,2
457,It is the case both that the peacock is a bird and that the tortoise is a reptile.,peacock / bird,tortoise / reptile,1,1,1,2
458,It is the case both that the swan is a reptile and that the peacock is a bird.,swan / reptile,peacock / bird,0,1,0,2
459,It is the case both that the snake is a reptile and that the polar bear is a fish.,snake / reptile,polar bear / fish,1,0,0,2
460,It is the case both that the hyena is a mammal and that the gorilla is a mammal.,hyena / mammal,gorilla / mammal,1,1,1,2
461,It is the case both that the hummingbird is a mammal and that the bat is a mammal.,hummingbird / mammal,bat / mammal,0,1,0,2
462,It is the case both that the otter is a mammal and that the gazelle is a mammal.,otter / mammal,gazelle / mammal,1,1,1,2
463,It is the case both that the lion is a mammal and that the giraffe is a crustacean.,lion / mammal,giraffe / crustacean,1,0,0,2
464,It is the case both that the swan is a reptile and that the tapir is a bird.,swan / reptile,tapir / bird,0,0,0,2
465,It is the case both that the hippopotamus is a mammal and that the beaver is a mammal.,hippopotamus / mammal,beaver / mammal,1,1,1,2
466,It is the case both that the tapir is a mammal and that the llama is a mammal.,tapir / mammal,llama / mammal,1,1,1,2
467,It is the case both that the crocodile is a mammal and that the sparrow is a bird.,crocodile / mammal,sparrow / bird,0,1,0,2
468,It is the case both that the beaver is a mammal and that the seagull is a bird.,beaver / mammal,seagull / bird,1,1,1,2
469,It is the case both that the tapir is a bird and that the goldfish is a fish.,tapir / bird,goldfish / fish,0,1,0,2
470,It is the case both that the pigeon is a bird and that the llama is a mammal.,pigeon / bird,llama / mammal,1,1,1,2
471,It is the case both that the giraffe is a mammal and that the seahorse is a fish.,giraffe / mammal,seahorse / fish,1,1,1,2
472,It is the case both that the armadillo is a reptile and that the wolverine is a mammal.,armadillo / reptile,wolverine / mammal,0,1,0,2
473,It is the case both that the gecko is a crustacean and that the camel is a amphibian.,gecko / crustacean,camel / amphibian,0,0,0,2
474,It is the case both that the jellyfish is a mammal and that the peacock is a bird.,jellyfish / mammal,peacock / bird,0,1,0,2
475,It is the case both that the horse is a mammal and that the platypus is a mammal.,horse / mammal,platypus / mammal,1,1,1,2
476,It is the case both that the gorilla is a amphibian and that the squirrel is a mammal.,gorilla / amphibian,squirrel / mammal,0,1,0,2
477,It is the case both that the flamingo is a mammal and that the hippopotamus is a mammal.,flamingo / mammal,hippopotamus / mammal,0,1,0,2
478,It is the case both that the walrus is a mammal and that the hummingbird is a bird.,walrus / mammal,hummingbird / bird,1,1,1,2
479,It is the case both that the dolphin is a mammal and that the iguana is a reptile.,dolphin / mammal,iguana / reptile,1,1,1,2
480,It is the case both that the bee is a insect and that the snake is a reptile.,bee / insect,snake / reptile,1,1,1,2
481,It is the case both that the gorilla is a mammal and that the ostrich is a bird.,gorilla / mammal,ostrich / bird,1,1,1,2
482,It is the case both that the axolotl is a amphibian and that the vulture is a fish.,axolotl / amphibian,vulture / fish,1,0,0,2
483,It is the case both that the narwhal is a mammal and that the bee is a insect.,narwhal / mammal,bee / insect,1,1,1,2
484,It is the case both that the octopus is a mollusk and that the gorilla is a amphibian.,octopus / mollusk,gorilla / amphibian,1,0,0,2
485,It is the case both that the porcupine is a bird and that the hedgehog is a mammal.,porcupine / bird,hedgehog / mammal,0,1,0,2
486,It is the case both that the skunk is a mammal and that the shark is a fish.,skunk / mammal,shark / fish,1,1,1,2
487,It is the case both that the swan is a bird and that the chimpanzee is a mammal.,swan / bird,chimpanzee / mammal,1,1,1,2
488,It is the case both that the dolphin is a mammal and that the jellyfish is a mammal.,dolphin / mammal,jellyfish / mammal,1,0,0,2
489,It is the case both that the deer is a mammal and that the whale is a mammal.,deer / mammal,whale / mammal,1,1,1,2
490,It is the case both that the flamingo is a bird and that the walrus is a mollusk.,flamingo / bird,walrus / mollusk,1,0,0,2
491,It is the case both that the koala is a mammal and that the dog is a bird.,koala / mammal,dog / bird,1,0,0,2
492,It is the case both that the squirrel is a mammal and that the chimpanzee is a mammal.,squirrel / mammal,chimpanzee / mammal,1,1,1,2
493,It is the case both that the tiger is a mammal and that the hippopotamus is a mammal.,tiger / mammal,hippopotamus / mammal,1,1,1,2
494,It is the case both that the jellyfish is a mammal and that the peacock is a mammal.,jellyfish / mammal,peacock / mammal,0,0,0,2
495,It is the case both that the giraffe is a mammal and that the iguana is a reptile.,giraffe / mammal,iguana / reptile,1,1,1,2
496,It is the case both that the giraffe is a mammal and that the tiger is a mammal.,giraffe / mammal,tiger / mammal,1,1,1,2
497,It is the case both that the walrus is a mammal and that the hamster is a fish.,walrus / mammal,hamster / fish,1,0,0,2
498,It is the case both that the peacock is a bird and that the porcupine is a mammal.,peacock / bird,porcupine / mammal,1,1,1,2
499,It is the case both that the penguin is a bird and that the gazelle is a mammal.,penguin / bird,gazelle / mammal,1,1,1,2
