metric,qwen3_observed,qwen3_ci_2_5,qwen3_ci_97_5,qwen3_bootstrap_mean,qwen3_bootstrap_sd,qwen25_observed,qwen25_ci_2_5,qwen25_ci_97_5
and_truth_auroc,0.9750000000000001,0.9656,0.9839418750000001,0.9750124416666667,0.004685782946229314,0.9458666666666669,0.927333125,0.9619260416666668
or_truth_auroc,0.7045833333333333,0.6870570833333334,0.7256622916666665,0.7060618666666667,0.009759442146452298,0.6790833333333334,0.6499872916666667,0.7065227083333332
and_minus_or_auroc,0.27041666666666675,0.2475743750000001,0.28814249999999997,0.26895057499999997,0.010361500210389524,0.2667833333333334,0.233158125,0.3004087500000001
or_mixed_vs_FF_auroc,0.6106,0.5929603125,0.635,0.6125057312500001,0.01066635728182214,0.580275,0.551023125,0.6086753125000001
OR_to_AND_range_ratio,0.45551859701965963,0.3978403007589251,0.511875892248967,0.4543436700294558,0.028608244773041407,0.5692514746140592,0.4909845160250874,0.6475264537369476
OR_to_AND_pooled_sd_ratio,1.0247484833796585,0.922020959418401,1.1212228875644326,1.0219846735792832,0.05069277364835584,0.982826785224756,0.9131519576091562,1.054233752349676
or_TT_vs_mixed_auroc,0.8078625,0.7738593749999999,0.842150625,0.808517425,0.017238294061962988,0.8336,0.8013868749999999,0.865414375
and_TT_vs_mixed_auroc,0.962825,0.9490868750000001,0.9760775,0.9628356874999999,0.006954008526176454,0.9275375,0.9056065625,0.947725
and_mixed_vs_FF_auroc,0.7447374999999999,0.7259025,0.7677284375000001,0.74619445625,0.01097205887592203,0.6816,0.654996875,0.7113303125000001
